#{"t_start": 1607902594.2329571, "env_id": "Block-v4"}
r,l,t
-278.47413,119,0.500424
2047.95844,256,1.562218
2054.889163,243,2.54752
39.799256,196,3.337872
1261.56565,186,4.093863
939.861698,262,5.162431
-253.183461,143,5.745452
4660.769294,596,8.168454
-449.502915,97,8.561202
-660.417275,99,8.966196
979.92567,143,9.559495
176.57368,56,9.784913
78.226191,12,9.83383
-506.273404,82,10.192689
4295.224358,512,12.273991
4335.700772,559,14.548316
3344.444797,442,16.348355
786.155188,262,17.41084
1343.580175,167,18.084364
4606.351069,572,20.405033
6063.067531,719,23.297472
864.403264,119,23.769891
1184.036501,163,24.437999
2925.375935,521,26.529956
1435.403705,203,27.345702
84.686353,180,28.080796
565.708705,97,28.469194
3781.651906,670,31.175787
718.735628,102,31.581991
1921.360255,229,32.507074
-863.377646,32,32.640586
5075.376967,690,35.411936
2326.1058,279,36.557708
6230.799046,774,39.688823
1807.263328,227,40.623592
2511.251901,492,42.609017
529.500061,84,42.945946
3136.4786,425,44.667794
463.187703,74,44.969093
447.04453,76,45.273422
1008.402154,132,45.809142
891.045289,114,46.269566
417.405983,57,46.501703
4491.300446,548,48.731662
64.35488,12,48.78041
330.870905,202,49.592814
-305.937231,102,50.006718
248.378042,194,50.784895
385.169269,199,51.584632
468.403583,82,51.913181
1506.304981,210,52.761281
489.521655,235,53.703814
-614.973585,76,54.009013
132.981371,175,54.706532
-803.114816,52,54.914002
1404.517933,353,56.32973
921.755694,110,56.772903
1264.734219,182,57.507561
884.65369,129,58.018856
-364.08958,110,58.460664
-529.920329,92,58.834046
1967.283546,241,59.803265
1927.591725,247,60.796975
5021.393449,613,63.260699
2996.233179,388,64.823944
-766.092121,63,65.072978
5376.160383,661,67.737902
19.92669,171,68.418921
-2.621192,12,68.467535
690.228987,94,68.846957
890.960707,104,69.265103
2031.522926,255,70.292647
557.849489,94,70.67341
1003.301079,135,71.210166
3235.0299,413,72.872035
6389.801692,479,74.786078
4691.994472,293,75.964537
1020.247541,151,76.567771
381.478162,78,76.889056
654.293546,92,77.254487
-369.866446,119,77.738691
780.568384,283,78.87296
1413.353001,317,80.162912
1638.01914,190,80.937251
-383.397684,115,81.39323
-357.454468,101,81.808408
343.479138,57,82.033659
897.17873,259,83.082054
-874.013936,38,83.234702
4925.29028,323,84.552317
920.378372,108,84.986988
183.905302,26,85.096663
-787.459207,58,85.327972
325.588121,38,85.481004
744.365068,80,85.809307
-65.723207,148,86.403805
3932.504553,204,87.230627
610.76846,82,87.56898
593.570675,239,88.534784
764.249229,126,89.049841
632.367977,236,90.009571
1818.652237,257,91.041378
-945.544398,44,91.222831
1129.141769,153,91.844312
618.77407,244,92.824073
627.462424,67,93.097148
774.26715,251,94.116954
6005.424592,750,97.137672
2325.945905,444,98.929801
282.559006,216,99.803138
837.055363,104,100.221938
-700.918605,68,100.494565
501.852638,83,100.833101
521.961378,86,101.182214
-644.585699,78,101.499217
1636.338659,207,102.338009
2602.484111,332,103.688315
3199.032198,384,105.23681
850.093069,107,105.669149
-565.17332,67,105.939992
377.326224,71,106.225165
-695.549609,58,106.459363
5963.962479,449,108.277432
-1017.87613,41,108.440523
1660.498661,208,109.289448
-371.714094,111,109.743779
-84.141494,141,110.311147
3339.219413,386,111.862212
418.227312,50,112.063757
-661.152754,79,112.383255
-231.109824,121,112.868984
1041.010193,113,113.328021
442.336158,218,114.200711
887.682376,117,114.67072
456.054168,69,114.948868
245.521387,40,115.112574
276.847663,34,115.24839
-458.925558,102,115.655297
3571.111665,421,117.342625
736.099036,103,117.763469
2362.697766,316,119.030897
1570.673919,364,120.495947
801.782691,89,120.850256
982.211095,129,121.373773
1774.593593,202,122.180892
822.784524,117,122.646497
345.179808,75,122.953264
353.792116,65,123.208983
1287.523569,317,124.490481
-780.394215,51,124.69933
1241.777468,174,125.397782
8070.399567,704,128.220633
2207.781003,297,129.418826
29.690975,11,129.462122
2743.875829,526,131.588337
-250.535935,125,132.095721
-312.068396,118,132.580693
1893.842643,221,133.473534
-648.236713,60,133.720839
-862.933041,51,133.927433
7076.789483,888,137.488359
11.235497,2,137.497342
-191.394988,121,137.983382
2227.783262,275,139.087802
5074.993709,605,141.539513
5560.435419,413,143.205229
-116.220924,161,143.850304
3340.513145,427,145.560555
2584.714852,349,146.956521
449.324855,72,147.241462
1284.754203,185,147.989709
10.097043,167,148.665399
-571.230059,79,148.988883
-769.337348,43,149.159798
43.186342,16,149.225217
623.24725,90,149.598125
1195.66011,166,150.269267
-387.895676,98,150.669991
-38.013262,145,151.260689
1100.000412,130,151.790259
3985.221752,462,153.661165
1489.209312,333,155.006335
3449.67482,460,156.869998
1632.542778,208,157.715327
150.010507,38,157.86759
140.497831,26,157.97199
7954.894035,937,162.101139
2643.614056,337,163.601329
5332.364303,664,166.478862
2080.310222,422,168.256822
418.110746,71,168.561009
-643.305788,79,168.882589
3396.04388,429,170.663828
722.44261,104,171.087218
457.827538,59,171.366791
4115.819875,666,174.028549
1458.472491,172,174.71666
-719.505404,67,174.984762
7805.968198,678,177.688693
-469.802596,87,178.029932
-176.645993,130,178.555377
298.625084,39,178.713581
-170.237345,127,179.21505
5081.844648,595,181.605871
101.315422,13,181.656152
2130.151518,266,182.722066
678.452398,83,183.055162
7639.068411,658,185.684524
-15.419724,154,186.296125
687.979563,106,186.726611
878.6427,117,187.188668
7102.98246,884,190.736923
5816.00356,449,192.532833
4795.982011,552,194.692201
6851.831175,583,197.00814
945.936673,269,198.088139
1273.010375,149,198.684198
-698.47638,55,198.905184
452.958276,77,199.207812
94.400549,12,199.25822
-388.167459,89,199.628827
-544.2764,99,200.020692
2540.487256,477,201.944224
1535.610565,192,202.718976
6139.962569,914,206.37438
644.276249,87,206.725422
3730.488349,485,208.668782
-22.174018,148,209.259169
3071.752694,368,210.732711
2234.278916,311,211.971971
1081.51128,284,213.106327
3186.226414,406,214.730335
869.933346,261,215.773679
5978.694313,740,218.737124
3669.872334,474,220.646434
2142.330391,260,221.682518
1822.609864,215,222.546949
422.909902,52,222.753401
369.265628,50,222.951943
-239.372756,123,223.443105
-670.539323,76,223.74716
-659.384175,83,224.073352
6298.328007,480,225.976084
-102.171127,132,226.501549
419.292415,57,226.736376
-782.894715,49,226.928413
464.108425,73,227.221602
2884.878638,373,228.70438
5474.164369,384,230.236613
796.440211,122,230.744795
3656.96347,445,232.52511
1867.598224,243,233.4907
2520.275821,313,234.748866
4682.977095,287,235.892311
-774.467998,60,236.131224
88.563671,15,236.195042
2752.233667,535,238.33556
-777.342861,64,238.609838
235.707255,40,238.770377
-563.238593,75,239.071666
-793.386116,57,239.298831
228.736121,30,239.419031
-562.123522,88,239.772706
5971.638888,728,242.701322
29.191766,23,242.797216
2963.630767,399,244.380561
155.808525,179,245.098107
-525.383502,87,245.441638
-536.604922,78,245.752122
-945.838209,30,245.87153
1688.396746,228,246.781222
-950.683958,41,246.947602
2613.542826,512,249.005276
-144.941508,141,249.582363
-413.726354,90,249.950057
7.510187,15,250.012251
1081.794972,133,250.532293
628.604689,69,250.813446
-6.882858,8,250.84599
9040.9214,837,254.1256
-951.769056,36,254.271227
890.447337,120,254.755152
4472.0458,713,257.597122
-616.695532,73,257.883671
1569.777501,215,258.747435
1019.681528,132,259.271991
268.188459,187,260.013705
-465.351537,78,260.329929
1029.661631,276,261.424723
945.766767,275,262.530406
404.451222,53,262.740532
4621.456284,745,265.722911
1752.734937,256,266.754345
731.42117,81,267.07666
-566.027061,71,267.366188
528.827164,81,267.689574
6104.251819,768,270.761353
787.361149,255,271.786668
1236.022777,167,272.455459
4757.165495,579,274.779954
64.218145,164,275.436312
1965.898074,386,276.980453
2124.188598,267,278.045345
1517.054021,184,278.786572
-778.716405,53,279.000366
2087.129642,233,279.92909
1101.894193,161,280.584892
6576.764716,540,282.747452
147.756493,14,282.804021
-344.448513,109,283.234744
219.219173,54,283.453139
107.001676,15,283.516845
945.088436,271,284.599378
-284.858181,112,285.045233
3851.074093,440,286.809034
4333.767294,525,288.90777
19.475882,171,289.58761
1176.533628,151,290.188314
-576.564606,73,290.477616
569.976492,81,290.806119
-208.480644,115,291.261172
6328.561487,541,293.42001
-872.533589,46,293.60493
-387.812752,114,294.059448
1615.237014,185,294.801235
1308.943825,172,295.485334
6630.564412,820,298.893624
77.25462,9,298.938432
2826.798996,310,300.225442
104.237298,176,300.935883
4111.412299,515,302.99137
3013.504784,370,304.46885
265.083986,52,304.680924
258.124116,41,304.84878
513.863023,70,305.127779
1882.696129,247,306.119836
1624.092249,221,307.01352
-817.326479,48,307.207272
7851.582089,953,311.031426
766.180437,100,311.433223
4984.818077,605,313.8532
-821.906265,59,314.085928
286.730693,64,314.343683
1176.604275,173,315.045856
6493.381343,961,318.871767
213.138564,40,319.030492
1084.835195,291,320.188271
-203.301601,154,320.8037
4474.41205,556,323.013053
7867.465148,1001,326.984777
397.456983,87,327.335669
999.729069,148,327.928685
1280.097271,306,329.153661
3813.446502,460,330.998138
-259.93586,106,331.430702
2068.161371,276,332.525864
2512.802732,352,333.920287
1897.569525,226,334.818558
221.290085,41,334.979221
-841.7578,42,335.146301
1206.517794,130,335.662954
1233.575649,304,336.869365
1837.93604,228,337.77526
-368.919646,106,338.196842
1637.526177,191,338.968006
-566.920091,90,339.329878
-845.485182,49,339.52479
806.913878,139,340.084186
2984.930648,525,342.183548
1319.630248,198,342.978427
1462.602703,207,343.806505
1367.494209,190,344.563329
-728.859062,79,344.875236
2888.21461,370,346.353464
1147.1245,155,346.979787
261.370284,213,347.832653
1475.847712,373,349.325603
-259.295387,121,349.808414
-653.723926,81,350.133606
1622.983038,213,350.989515
1014.279629,306,352.197948
-333.329932,122,352.6855
233.814895,39,352.846015
4232.863495,534,354.963472
7079.966102,576,357.255943
3469.41543,425,358.947757
901.756069,114,359.404004
1446.645839,334,360.734862
-759.39702,61,360.978929
-683.622841,59,361.210726
862.65766,262,362.24807
1364.615391,171,362.933817
-700.078575,69,363.206894
6816.818069,553,365.423173
2960.462675,379,366.933475
121.495875,159,367.573163
-829.989362,54,367.787905
3496.25808,459,369.609669
149.259157,29,369.728558
2244.839397,300,370.925629
1009.330722,125,371.421048
2111.620352,279,372.532927
3020.344704,418,374.189163
521.505998,88,374.544728
509.57601,91,374.903978
6861.890307,586,377.231173
3668.912464,415,378.884408
4209.737457,663,381.53147
-795.057751,66,381.795032
1948.727751,272,382.882413
1903.021101,247,383.867232
572.254394,255,384.87127
790.335968,117,385.3416
1.227085,148,385.93575
914.506252,109,386.374378
-619.982657,89,386.73969
181.557583,36,386.885417
8023.662846,1001,390.877193
162.323634,40,391.036198
181.029082,167,391.707445
6737.224888,559,393.917574
-685.127947,72,394.203815
1428.886803,163,394.857068
500.798175,92,395.220763
-327.654172,110,395.663831
6379.746402,738,398.610615
482.598907,61,398.850384
171.152275,52,399.057557
2417.264379,437,400.805149
828.214511,107,401.226511
1.349145,181,401.947651
-412.831116,95,402.323648
782.744756,129,402.843533
3078.419436,370,404.316792
4724.317608,631,406.81429
-19.299621,148,407.406876
3448.820629,402,409.0112
1017.149157,149,409.616256
2334.215215,302,410.827605
6153.261882,484,412.765402
-314.419519,112,413.210981
-543.86472,69,413.49014
2477.306511,336,414.835802
2525.777221,344,416.204609
490.488029,96,416.591877
974.293972,270,417.674438
-177.379283,133,418.205172
1366.339673,158,418.851082
1205.235786,167,419.521295
126.086838,159,420.160476
348.104585,37,420.312231
3088.819007,368,421.790586
375.93777,206,422.619388
357.790881,64,422.874917
13.715495,148,423.46886
1727.486368,250,424.477354
-332.829809,110,424.917583
1341.425703,197,425.711279
483.241109,64,425.96682
282.720748,56,426.19036
1411.381028,176,426.899372
1109.857398,306,428.134237
1153.10965,134,428.708171
-871.364747,49,428.912099
691.695142,78,429.288362
3264.196054,434,431.401986
954.773185,285,432.566943
-564.640993,72,432.855561
5236.564516,644,435.510635
6834.276445,826,439.130235
815.095985,126,439.646128
451.249903,49,439.849639
-402.20118,124,440.346393
-830.33759,38,440.49922
2576.319076,463,442.594446
2924.480235,376,444.367847
342.334657,189,445.34202
2227.653037,421,447.072221
-622.086969,73,447.364744
2781.011076,318,448.663327
5148.804107,645,451.300877
-526.221598,77,451.613593
139.976747,162,452.266895
971.487234,117,452.773066
1243.137303,294,453.966927
4872.226396,609,456.444369
714.490588,98,456.841122
6584.084467,846,460.281355
1074.267158,155,460.924349
995.46671,131,461.451796
1817.202078,401,463.071244
-879.9408,42,463.24185
1993.408349,277,464.360261
1304.64733,150,464.992072
8125.065449,1001,469.066488
7765.404508,901,472.744055
694.843773,100,473.141841
5610.719566,435,474.885774
4387.862923,566,477.212189
7453.043586,948,481.090236
308.798269,53,481.392198
503.031695,216,482.619048
-190.771749,130,483.344884
6952.269769,567,485.881991
316.792698,51,486.111824
341.224329,37,486.275298
5098.377366,658,489.191974
2764.522862,343,490.577211
2279.778796,456,492.417547
1641.072892,371,494.03268
1360.598277,174,494.812397
714.047366,126,495.345892
214.802232,25,495.451627
-678.370677,68,495.75642
4099.633903,472,497.816816
2532.781248,310,499.105244
8121.102113,1001,503.160451
1169.696675,164,503.89795
317.514722,186,504.836852
4164.13768,497,506.992726
509.968442,69,507.314002
458.077718,85,507.682991
533.785107,247,508.702136
3903.698613,644,511.499578
728.037698,110,511.943274
-134.019009,135,512.536776
1493.999336,331,514.09718
3140.116377,394,515.907397
1106.908117,141,516.521637
-854.681732,51,516.776379
7621.354478,647,519.489955
1297.979823,187,520.30811
75.616874,21,520.39694
653.77921,95,520.812307
6876.126066,549,523.163523
-769.92912,58,523.401988
-359.689817,108,523.845553
1024.942675,283,525.039196
27.150887,3,525.049439
244.64173,39,525.208749
3052.69245,588,527.650927
-777.026513,54,527.874703
2245.848939,320,529.191783
231.088759,205,530.044122
-645.360287,66,530.333215
4165.201034,658,533.197007
507.028658,72,533.561914
4000.45909,648,536.453863
1316.736881,320,537.827136
293.365498,33,537.962898
2102.469653,467,539.958198
4260.546347,534,542.106629
-440.096807,95,542.490071
1494.819888,222,543.377311
-271.996211,142,543.944252
-913.848728,36,544.087614
-469.726403,91,544.446257
-382.59591,113,544.899518
2618.390612,302,546.100994
3273.84059,388,547.643734
4754.876825,613,550.241613
40.425076,164,550.912778
2694.678375,519,553.031538
2447.681214,318,554.345042
2919.401684,621,556.947095
-16.472642,159,557.591444
-907.223709,31,557.714273
1232.05033,136,558.274483
452.585009,54,558.490316
6470.441487,525,560.548606
46.296722,163,561.180258
2250.59162,313,562.405591
-190.469057,129,562.908709
1198.764432,330,564.211805
-339.311733,120,564.693955
-525.62207,107,565.123827
2496.167105,315,566.380817
-734.365995,70,566.66521
2622.312256,472,568.557477
-305.736665,104,568.973463
2995.446624,355,570.396927
4325.325463,702,573.671926
765.309665,258,574.883279
-900.397726,41,575.065062
6.794777,1,575.073467
2515.285157,453,577.089669
-700.127415,50,577.333156
-916.78694,42,577.528605
3626.593796,456,579.66563
2854.567863,552,581.90144
3734.322384,449,583.894122
9132.539785,832,587.521902
1351.909102,169,588.233573
8237.569529,1001,592.667574
6820.838855,561,595.059336
3626.191327,440,596.919321
284.187005,185,597.72804
6880.829515,816,601.834754
1411.786787,334,603.318083
1838.082405,383,604.857828
246.015342,48,605.049946
477.44249,232,605.977134
49.24726,4,605.994508
769.931079,242,606.966775
1843.343118,402,608.722564
1561.793396,219,609.738195
995.577401,138,610.294155
6157.8855,467,612.170419
1017.414374,279,613.298468
2089.302058,255,614.309744
2530.394301,274,615.401381
2536.749,473,617.28362
2094.040811,254,618.304923
2984.125133,382,620.127562
610.561724,217,620.990196
3358.761091,402,622.67217
1099.832192,296,623.913377
18.257392,137,624.459927
4727.699542,568,626.904405
364.635853,184,627.707079
151.263303,181,628.578543
922.326364,285,629.727893
4469.992944,273,631.012387
-589.677718,77,631.337674
6.599012,1,631.340013
-879.295903,36,631.487534
-684.319325,54,631.712152
40.954035,169,632.402699
2343.209769,435,634.336732
2429.694892,307,635.732229
596.97148,81,636.072263
242.934249,34,636.210891
985.838418,269,637.291294
6675.670059,522,639.524892
706.084997,95,639.906576
8432.188469,1001,643.917112
3691.362527,617,646.398212
341.467084,210,647.23224
6.783415,7,647.263554
1306.357102,167,647.934647
-793.809641,43,648.109383
4458.202967,734,651.050246
1788.585578,224,651.950363
4999.408385,629,654.707337
2344.661224,317,656.090695
435.53332,55,656.31673
1204.050282,147,656.928372
-688.812918,53,657.144761
4281.809511,663,659.969545
1070.051362,138,660.611913
844.638524,254,661.628153
-564.044279,74,661.922999
3006.217331,527,664.248426
-960.486029,34,664.409586
779.059006,112,664.918192
2275.525021,431,666.689092
4652.165484,570,669.258846
7466.102482,1001,673.371625
1927.967319,253,674.382209
7104.716683,568,676.791687
1556.459867,180,677.523987
7838.744143,689,680.524488
2304.554552,312,681.884044
8088.939527,1001,686.039785
-414.830968,114,686.55522
5093.468619,770,689.791795
925.020921,117,690.262965
5396.276744,377,691.773607
7192.308252,605,694.424473
114.825411,19,694.504335
87.61678,37,694.654371
774.397813,275,695.888303
5639.99531,689,698.830138
-764.16396,47,699.021505
1185.537926,136,699.573823
-456.277492,93,699.948822
5495.197566,725,703.020742
7660.317846,1001,707.313121
256.501673,180,708.09216
550.072506,84,708.438896
5699.213645,737,711.653267
137.367481,167,712.316828
530.577758,74,712.616463
4228.630333,696,715.39307
582.892444,64,715.654034
-398.99098,89,716.011616
8471.560332,775,719.124987
1148.222325,137,719.676629
6939.501001,999,723.683892
-3.971185,2,723.692975
164.074416,168,724.361803
-689.911084,66,724.629656
271.768766,180,725.345274
2097.161343,244,726.320152
2702.668992,343,727.68247
-664.797021,58,727.911087
848.039407,115,728.359601
6046.285121,828,731.667543
3075.354203,385,733.19655
-158.831748,151,733.794684
3743.966913,465,735.646825
5479.638457,817,738.894077
1308.809128,184,739.62974
-624.057672,72,739.917166
492.001217,207,740.743398
-555.533057,107,741.164189
-473.423882,95,741.546211
4289.111053,520,743.625902
9027.219601,858,747.063385
1073.483394,143,747.63932
-496.185899,81,747.966515
8666.08271,786,751.102334
627.137946,81,751.418104
517.098456,53,751.632189
7936.365656,1001,755.588971
-386.654794,113,756.041545
1668.510062,202,756.849323
84.804093,10,756.889566
518.692782,206,757.715214
780.759998,265,758.771213
1688.216324,205,759.60103
8.20047,145,760.17992
7196.406133,856,763.611317
8517.400508,1001,767.618043
1180.60517,329,768.930468
2310.355675,433,770.66741
1666.310936,239,771.622865
2172.4643,451,773.425662
-1.704523,8,773.45835
4170.769909,542,775.619528
1819.822883,248,776.601673
1430.053701,199,777.390944
4658.086361,554,779.610493
2022.739733,393,781.1671
2135.477795,416,782.817742
1454.413182,192,783.596237
8098.832998,1001,787.497699
7785.74933,1001,791.630336
8227.318082,1001,796.015971
1458.947303,336,797.3669
-405.248733,108,797.804912
1994.692825,250,798.80371
2501.504853,307,800.054891
6194.919299,734,802.980517
-143.877208,122,803.481725
1040.928692,145,804.060299
-93.606759,144,804.637182
1872.830305,413,806.285845
-459.87546,94,806.663249
1398.29201,347,808.051655
22.114205,3,808.067313
530.595356,211,808.906878
197.661705,193,809.678802
-772.391668,57,809.902847
775.917,257,810.926705
2151.14143,283,812.047916
-460.169471,92,812.411701
2535.226051,284,813.538677
5160.219588,625,816.02725
8256.326911,1001,820.010245
4788.463504,788,823.101606
1551.832829,213,823.951566
-452.782279,84,824.287047
237.57181,183,825.017173
397.958557,71,825.302363
-603.36958,92,825.687418
-145.509947,125,826.280366
462.44773,208,827.142264
1868.801655,238,828.188438
6486.571587,776,831.347595
1843.393577,225,832.258051
1878.609664,422,833.946334
-628.576256,69,834.218327
-900.092926,36,834.362406
3856.438273,474,836.399302
469.037111,189,837.188467
-878.340195,33,837.34208
558.506101,106,837.848513
5379.190661,673,840.554204
677.435383,233,841.486719
-407.286467,99,841.888875
5350.4652,669,844.559574
9002.765602,810,847.804413
304.425257,176,848.504444
152.128844,15,848.571779
-336.624983,111,849.012144
948.875755,259,850.058604
1320.765278,336,851.417168
854.987152,268,852.492097
126.971526,27,852.600842
-206.47331,126,853.102726
55.501977,153,853.718364
-886.75337,40,853.879346
3852.852173,444,855.649277
1755.467256,238,856.604404
134.75943,167,857.266756
717.231242,260,858.304179
4835.637808,574,860.607501
3576.894395,444,862.37225
4753.685518,557,864.597997
1649.645586,213,865.44585
6374.579094,788,868.596256
4681.104596,595,870.983498
-507.811448,80,871.302973
2627.424331,326,872.610794
96.511985,12,872.65964
1049.59258,285,873.793046
5941.547417,704,876.745641
8356.139095,1001,881.498883
8110.20034,1001,885.970175
1150.041466,301,887.180145
-789.665447,64,887.436185
5571.353466,636,890.000351
6233.47235,897,893.581592
791.072165,104,893.996626
-836.813378,45,894.179578
3942.909882,634,896.723119
4650.268952,314,898.065496
-26.17537,8,898.098294
1368.478742,301,899.312414
-510.639997,82,899.641828
5103.106835,618,902.145229
874.867303,270,903.227898
5457.67508,731,906.576396
-696.707138,53,906.835925
7515.943527,948,911.073763
3452.962159,594,913.445362
462.924713,204,914.261084
1451.915322,203,915.069593
10295.118581,976,918.951651
188.743976,25,919.049522
6527.976177,822,922.455301
1437.331385,179,923.229784
-711.116721,72,923.517104
-598.138884,77,923.825277
985.833886,284,925.07379
92.317684,164,925.778691
3307.314812,404,927.531429
183.351678,184,928.275262
819.472296,269,929.362898
-78.67511,144,929.94318
3153.219757,404,931.565452
-625.978149,67,931.831338
343.976112,180,932.550034
6358.648893,754,935.569446
759.333859,265,936.629478
271.354338,178,937.337354
4513.043745,558,939.573148
7768.106749,1001,943.576133
960.519108,267,944.644496
1188.403458,296,945.827887
3460.98214,438,947.581135
8134.84824,1001,951.580391
1035.119593,142,952.145338
326.013719,188,952.897034
5762.901227,671,955.578698
2138.882615,418,957.24315
4596.425966,583,959.572272
-598.852691,90,959.932451
7255.975778,868,963.741329
367.451482,43,963.97281
6032.932832,910,967.930671
556.947082,91,968.312242
1188.786873,156,968.936657
891.019022,253,969.949598
100.65995,13,969.999631
-463.781313,90,970.373944
-139.954761,134,970.945359
2701.596917,355,972.494166
-747.116329,57,972.727295
-202.771405,115,973.219756
8584.598335,784,976.49334
320.051425,45,976.675589
2931.807658,499,978.830504
-690.009755,75,979.127933
3503.775934,427,980.975831
1289.997471,158,981.610596
476.780979,62,981.859456
923.181955,262,982.902103
-513.023503,101,983.30139
275.123541,178,984.011799
2102.204575,240,984.984852
2490.49582,317,986.24979
945.68683,276,987.494704
3513.96483,408,989.154304
-365.813071,106,989.663281
-763.619073,47,989.89405
6858.165419,848,993.417282
-497.805043,96,993.801256
-523.610885,84,994.137551
396.039997,62,994.384862
263.111494,167,995.056463
6015.793194,431,996.773639
-491.33169,77,997.082904
309.544269,51,997.284512
295.771101,33,997.419489
-751.224693,48,997.614048
-436.229484,97,997.995447
-694.295559,57,998.224587
6807.580874,799,1001.744718
-113.254107,153,1002.373561
6967.370215,848,1005.760273
4557.653232,707,1008.675213
-396.264302,92,1009.085938
1641.384635,202,1009.925549
-254.252143,147,1010.521336
1368.288204,313,1011.809876
-584.520764,74,1012.155474
3898.637135,467,1014.065085
7598.619459,1001,1018.299623
7312.680581,1001,1022.342732
538.145843,212,1023.187136
6505.995019,789,1026.319999
8117.655605,1001,1030.300184
477.308346,214,1031.160021
1632.215982,343,1032.661331
499.790873,210,1033.539246
-648.935714,72,1033.877406
1482.307512,162,1034.575616
8197.849936,1001,1038.613732
4253.843835,649,1041.352802
2556.831995,352,1042.85418
8521.093955,1001,1046.974025
-374.141145,118,1047.513539
-189.078083,114,1047.980202
-1.794037,188,1048.771629
4830.798168,581,1051.327519
1382.404887,353,1052.767951
2061.144537,455,1054.765383
1562.540248,193,1055.545341
115.92145,152,1056.255169
6629.557314,849,1059.686134
8279.502759,1001,1063.836642
5363.496068,357,1065.266657
1135.282014,284,1066.420438
2763.697217,360,1067.906778
5100.471622,349,1069.405617
3877.519199,512,1071.590061
-338.777694,140,1072.152983
9.354787,1,1072.155013
-61.507754,144,1072.735139
-578.112492,66,1073.001544
6671.82336,791,1076.664834
246.754195,29,1076.787469
7735.962621,972,1081.223221
4333.761694,539,1083.447555
496.493233,206,1084.29158
-933.941388,27,1084.397769
1609.607956,229,1085.336846
2948.733255,548,1087.579809
3601.022162,453,1089.422519
131.298733,175,1090.138191
-928.521751,42,1090.307925
-655.996047,63,1090.570632
-377.284384,106,1090.997386
2435.98798,459,1092.864001
1166.545168,156,1093.487931
-311.733505,110,1093.932328
-814.341201,35,1094.069587
6846.880755,856,1097.546755
2764.550741,471,1099.575479
1301.410947,305,1100.811226
-233.190765,112,1101.300451
823.80514,113,1101.830616
-501.866317,77,1102.156913
7665.084028,924,1106.094522
-605.743127,107,1106.546068
7508.977351,894,1110.364608
-3.784246,152,1110.984704
-185.957914,117,1111.464671
2679.044802,310,1112.79483
946.631255,286,1114.014447
1060.073733,136,1114.586964
1438.103415,189,1115.397093
112.026383,16,1115.48139
2343.372065,425,1117.326721
3125.568289,371,1118.901008
944.428668,261,1120.018122
6131.706697,740,1123.272588
-558.871099,89,1123.65917
1322.311405,356,1125.163372
1091.039609,284,1126.379041
2153.938825,272,1127.520414
3087.17279,542,1129.846334
-324.224924,95,1130.252432
2974.032674,364,1131.754564
3.778539,166,1132.430917
2013.738353,384,1133.977237
3866.498592,451,1135.804222
-768.054193,56,1136.036534
4999.0489,586,1138.408262
2893.110639,359,1139.861629
-447.33246,110,1140.308889
7507.299915,891,1144.388282
273.92494,171,1145.300912
6310.505069,830,1148.944645
-593.019616,77,1149.286605
7679.911307,924,1153.389002
4135.817263,210,1154.277503
1606.266509,337,1155.68354
3254.704627,454,1157.621289
8372.779001,1001,1161.950822
-644.9527,71,1162.234594
2051.685521,387,1163.916248
3826.293826,543,1166.24838
3511.578855,469,1168.266901
4338.181968,532,1170.595814
6359.929171,949,1174.546731
-811.715918,39,1174.7242
100.928898,13,1174.775129
7670.46618,1001,1179.1532
8696.340282,1001,1183.289162
26.70092,152,1183.904302
7090.740917,849,1187.33596
7740.482127,923,1191.041443
474.866312,78,1191.362338
560.649333,71,1191.705963
-713.596731,74,1192.050647
1219.349138,293,1193.237621
4298.788099,563,1195.520989
5861.418097,936,1199.363688
518.310023,65,1199.658965
-693.035479,67,1199.939232
-431.85627,132,1200.568487
-863.303265,42,1200.756187
6324.933734,760,1204.127752
2061.70664,412,1206.21726
4773.112882,589,1209.040663
8411.939727,1001,1213.406589
101.253218,168,1214.078541
6726.686406,833,1218.074933
8423.960387,1001,1222.753602
-414.683837,115,1223.245311
6228.107163,756,1226.452646
-835.146997,39,1226.615713
570.538154,91,1226.9752
695.882503,231,1227.904488
5644.180088,770,1231.268046
6792.69474,968,1235.486067
128.492837,33,1235.618765
-80.014074,132,1236.161583
7123.931812,869,1239.92126
-621.442504,65,1240.18705
1999.100847,222,1241.145344
62.795117,177,1241.876349
-33.981506,144,1242.46497
3053.068866,393,1244.073317
-621.683512,80,1244.399056
4711.894703,588,1246.791284
2233.176983,333,1248.245725
-441.21204,103,1248.686136
-132.057375,126,1249.191338
3385.66384,559,1251.716496
1629.517186,213,1252.570799
-490.516985,111,1253.09616
-802.44838,52,1253.343654
-931.504712,28,1253.463844
-633.51796,66,1253.731715
1473.695574,338,1255.08508
3291.576754,406,1256.718186
8249.693623,1001,1260.735984
8473.982085,1001,1264.760799
-706.404271,72,1265.048371
-252.486982,132,1265.576447
6483.885736,797,1268.767463
3983.450235,676,1271.468486
2364.568926,325,1272.775617
-573.665794,73,1273.065341
4131.845563,634,1275.68964
-604.984976,63,1276.010754
1627.283615,231,1277.043239
-579.933879,68,1277.337812
3327.385672,440,1279.32082
4218.585029,493,1281.60589
4941.109908,758,1285.06405
2113.704116,243,1286.08908
8393.584162,1001,1290.563969
3268.370475,543,1293.152107
-331.072074,112,1293.70572
-231.5654,124,1294.340416
1828.867816,222,1295.348784
-589.749516,82,1295.724213
-484.481146,77,1296.091042
7032.684277,842,1299.970537
7403.888852,677,1302.776316
2699.484385,324,1304.090138
8478.671828,1001,1308.230346
404.383804,189,1308.98559
2486.10096,375,1310.645652
4467.014285,262,1311.717165
1299.353712,175,1312.49813
8463.658479,1001,1316.82213
647.998788,248,1317.816386
-1024.153889,38,1317.969504
492.748872,198,1318.759376
4463.492536,517,1320.821297
1363.340573,310,1322.061308
329.275193,194,1322.841705
4001.220763,497,1324.841518
215.290293,169,1325.516084
-418.947523,116,1325.980574
5872.837479,716,1328.855565
2454.322421,494,1330.832951
-318.569758,119,1331.311729
3402.640139,388,1332.873502
826.183301,273,1333.964585
6031.18549,728,1336.882613
78.027622,189,1337.644339
806.130735,241,1338.696862
-800.596551,44,1338.907277
4316.316446,527,1341.147264
1419.948492,378,1342.657908
5104.351077,623,1345.142755
-322.144797,116,1345.603387
133.105306,165,1346.266143
5599.624769,720,1349.146038
-85.996557,140,1349.703906
-736.478615,63,1349.952672
-628.519703,80,1350.272094
-680.159094,53,1350.485115
-817.393421,45,1350.663642
1560.703498,337,1352.007719
2234.771865,283,1353.128804
8042.331895,1001,1357.110363
1016.901888,118,1357.580467
5028.124744,590,1359.949753
219.19215,186,1360.698424
792.316166,107,1361.123458
3222.073421,575,1363.40947
1190.614702,183,1364.146021
3682.666147,155,1364.768939
626.060795,88,1365.124704
-464.252749,90,1365.484368
7179.423561,911,1369.380569
4804.492333,288,1370.674503
-174.277325,126,1371.179227
4762.078039,587,1373.649702
1461.450183,314,1374.900129
569.74435,243,1375.864895
773.946374,237,1376.819492
1447.579549,207,1377.644912
-393.550186,96,1378.025254
-295.790507,103,1378.43049
-851.904544,51,1378.630033
1953.820092,388,1380.144969
-211.334867,127,1380.654599
1864.350864,236,1381.594607
-391.126927,127,1382.097098
8427.179169,772,1385.173341
795.540863,102,1385.583759
7312.198533,606,1387.987098
469.414776,214,1388.846381
1443.31407,181,1389.572785
1861.584223,367,1391.041265
-344.698135,115,1391.503546
-784.983978,53,1391.714937
3940.924126,466,1393.587521
1709.344738,367,1395.054464
2046.763041,401,1396.66009
1515.43944,233,1397.590709
8253.861602,762,1400.616699
1861.054456,239,1401.561421
1780.254439,362,1402.99362
5351.646228,639,1405.532979
839.249647,127,1406.036819
6839.384266,874,1409.528967
1400.663246,170,1410.20509
6500.394731,831,1413.529616
8129.251331,708,1416.394332
-376.732527,100,1416.894054
1261.762794,193,1417.694489
-727.229234,56,1417.948159
-50.301878,168,1418.759424
389.5771,196,1419.658586
4639.233342,581,1422.162351
-605.782,65,1422.458536
2069.673382,446,1424.350075
3708.393469,490,1426.362539
5513.571126,366,1427.841204
5339.548159,635,1431.152793
220.364423,190,1432.081961
-300.154379,104,1432.66011
5571.319957,707,1435.782327
3132.839311,547,1438.126213
3676.708672,454,1440.016857
-413.566348,90,1440.381258
7398.522287,911,1444.598164
-151.903576,126,1445.118927
7557.716993,875,1448.773573
1421.978913,319,1450.082697
5812.209226,682,1453.082034
-54.409717,158,1453.746847
-283.144117,118,1454.321585
-649.752269,65,1454.624114
1974.10677,439,1456.55536
1666.161387,221,1457.47469
8383.778003,1001,1461.724049
737.485143,67,1462.01194
-140.186421,142,1462.594187
2526.429284,473,1464.517042
-353.439862,95,1464.899993
1813.154962,224,1465.79455
7822.459053,1001,1469.914733
8046.574246,1001,1474.273462
-603.702491,77,1474.583808
7460.935934,924,1478.56674
-839.477747,41,1478.766846
-277.875873,128,1479.314666
1219.471698,322,1480.851601
-797.317912,59,1481.131728
-560.340102,74,1481.440234
3041.180538,377,1483.116131
-854.604127,32,1483.250723
619.314086,222,1484.220789
201.222253,60,1484.493609
123.827762,157,1485.154381
4243.889607,530,1487.451291
-967.598855,32,1487.594636
-840.259996,41,1487.762439
-945.238783,43,1487.937793
6767.277826,885,1491.67442
59.19714,144,1492.265427
7130.145006,569,1494.687614
-401.948964,91,1495.053636
1633.917388,197,1495.878925
3367.144555,571,1498.511438
3394.912484,430,1500.505409
8566.151585,1001,1504.694374
4260.52319,662,1507.498791
-809.630234,40,1507.665699
-754.709682,57,1507.895604
2144.105687,242,1508.946295
7943.993526,1001,1513.223047
8724.257412,1001,1517.374801
-699.144355,71,1517.663702
2316.058633,449,1519.467292
483.637664,200,1520.275902
2034.365481,281,1521.402036
55.086788,162,1522.052091
-152.8809,121,1522.539099
-663.216657,54,1522.755892
3347.094382,558,1524.983125
765.684277,106,1525.406098
2855.345524,370,1527.052963
-503.353716,95,1527.433941
4359.104308,536,1529.726655
8110.13603,1001,1533.742846
-394.191346,95,1534.197266
7039.990524,906,1538.194882
7740.807309,690,1540.95854
-760.112415,52,1541.163341
432.393909,222,1542.148184
291.482378,37,1542.300172
8286.47964,1001,1546.23371
3243.266268,401,1547.808167
2080.87723,243,1548.76207
2980.323596,357,1550.155764
-230.38137,116,1550.614216
1640.673387,343,1551.949581
1122.300633,291,1553.091786
2018.15605,251,1554.071059
-250.536695,134,1554.593138
8683.138712,813,1557.946069
454.6862,54,1558.162691
-612.895115,68,1558.43632
1985.227451,396,1560.060729
-579.203188,74,1560.421182
3910.634897,463,1562.314608
8206.705169,1001,1566.566824
6688.880973,768,1569.918737
1815.226642,233,1570.887535
156.908061,178,1571.607138
394.280561,211,1572.513517
5357.328525,612,1575.201336
-497.764712,75,1575.575278
26.209107,186,1576.377104
625.400166,223,1577.260229
-715.194298,55,1577.476381
3886.304334,462,1579.537739
-750.720994,47,1579.730578
278.490559,203,1580.544169
6194.672226,751,1583.724082
4520.342444,536,1585.989215
3719.142335,433,1587.87931
133.686904,32,1588.009472
213.493507,29,1588.133521
827.141177,279,1589.389486
487.629019,215,1590.259683
1367.867296,151,1591.001526
2455.624549,327,1592.358808
3159.308781,401,1593.975214
-667.152787,53,1594.192171
-594.387691,88,1594.551522
2392.077096,421,1596.258168
324.425013,38,1596.412016
2520.421256,448,1598.33077
4337.479452,553,1600.640838
7849.16283,1001,1605.217958
7699.615678,1001,1609.595304
8431.919789,1001,1614.010012
438.496899,198,1614.810058
2319.375121,480,1616.96746
2726.073442,323,1618.300724
27.810365,149,1618.901169
512.960791,214,1619.830178
5344.891762,638,1622.501614
2028.734274,389,1624.221971
4720.914896,612,1626.747574
-625.334032,62,1626.997338
291.973462,181,1627.740949
-216.457254,112,1628.306571
426.261606,192,1629.189648
3634.050214,454,1631.0892
-615.357904,72,1631.438307
193.171172,224,1632.345583
-427.481251,93,1632.724826
1344.396003,339,1634.076312
-561.470382,84,1634.41385
1336.460993,189,1635.164533
6312.703649,888,1638.992506
-947.157036,25,1639.091854
587.21735,88,1639.44846
1641.84961,215,1640.318532
3450.299451,573,1642.868562
1729.497443,213,1643.738008
2774.240412,485,1645.812915
491.372965,206,1646.650938
2567.960693,310,1647.9024
384.541982,199,1648.708046
5029.390154,333,1650.042855
2146.304941,397,1651.660798
-25.921562,6,1651.685683
347.490227,66,1651.95184
-671.946099,56,1652.176545
687.881695,80,1652.500103
6693.219076,865,1655.967434
-423.780879,95,1656.353819
2294.602804,509,1658.477878
-444.706322,85,1658.875484
460.364175,203,1659.69568
824.911924,109,1660.15021
3451.422742,567,1662.618571
512.430293,223,1663.706678
1353.317651,211,1664.605898
3168.682658,428,1666.461167
4633.069291,573,1668.855103
8029.239757,1001,1673.165128
-155.33318,124,1673.662609
-582.678604,66,1673.925002
3687.626101,451,1675.89515
-576.098657,71,1676.189044
202.73109,160,1676.848248
916.350301,129,1677.469095
239.065634,182,1678.222849
898.779806,257,1679.407677
4762.032201,562,1681.78955
8368.624208,1001,1686.334484
-315.559648,116,1686.818618
1323.309422,339,1688.256592
4203.991875,546,1690.54395
5524.115543,793,1693.967997
-556.340698,72,1694.281178
1074.92763,136,1694.852234
1052.269068,150,1695.472584
-575.318411,69,1695.803069
4588.910359,694,1699.050869
598.594297,88,1699.420444
8195.36153,1001,1703.735742
5070.093632,594,1706.344038
1012.450775,187,1707.168769
1925.285831,220,1708.082526
2789.506322,515,1710.417849
-256.476315,119,1711.082344
3165.810311,367,1712.98648
8636.062877,1001,1717.723758
9823.589035,878,1722.082445
877.715697,123,1722.684862
51.372304,168,1723.492849
6721.377444,833,1727.241967
1405.336425,315,1728.851922
421.280896,187,1729.649569
-706.187539,62,1729.905109
639.00482,217,1730.836891
219.103014,186,1731.603144
241.859175,34,1731.742081
8431.53704,1001,1736.154641
6383.625096,494,1738.269645
-826.906488,55,1738.501499
144.014026,181,1739.271178
-229.047165,129,1739.825364
1068.086584,142,1740.470529
-554.427165,84,1740.818372
324.912288,48,1741.03008
562.5055,219,1741.966694
5109.340822,650,1744.737545
7726.121977,1001,1748.968802
8077.730425,1001,1753.447091
8272.876055,1001,1757.790099
8287.340277,1001,1762.155229
3645.281241,612,1764.721444
3080.594576,389,1766.394715
3528.888571,413,1768.140133
2358.342166,470,1770.240538
926.370244,118,1770.776244
261.71505,183,1771.534985
7314.479178,590,1773.957789
1522.331645,228,1774.975092
-889.205906,45,1775.170984
-6.209445,179,1775.94907
-810.640033,56,1776.178435
5899.252885,721,1779.218915
-388.319368,85,1779.58732
2447.674084,452,1781.533324
872.842097,256,1782.771461
326.301627,181,1783.751071
153.805355,27,1783.883973
8707.966167,819,1787.379408
1562.322651,182,1788.114648
6194.761713,912,1791.777104
689.955139,89,1792.136418
53.047741,161,1792.777868
1499.004598,329,1794.117174
-806.738279,47,1794.301954
-368.18863,89,1794.664906
3222.800138,375,1796.144254
-480.342048,83,1796.477474
374.559675,187,1797.215416
5917.781195,731,1800.424627
27.692865,176,1801.161086
1550.602282,346,1802.611705
4032.828622,479,1804.62749
1030.032283,120,1805.119658
7398.96723,881,1808.800521
425.54545,204,1809.694827
4860.226382,751,1813.319164
285.470581,46,1813.521606
5738.614365,888,1817.104813
991.015237,113,1817.565343
8266.661709,1001,1821.902066
-628.790337,67,1822.208583
-151.665803,120,1822.73028
7033.536469,814,1826.183026
6620.8377,939,1830.281255
375.154032,62,1830.542491
-89.346212,137,1831.123373
3.014219,149,1831.761186
142.284806,161,1832.469648
30.053869,148,1833.122871
2140.813422,406,1834.975596
1.056342,1,1834.977834
9038.077701,804,1838.647034
1561.589707,197,1839.56262
3167.975845,521,1841.856748
-640.207793,72,1842.192058
69.450065,165,1842.968244
-363.446197,105,1843.476936
995.737686,138,1844.099737
6340.971343,887,1848.461211
745.765591,114,1848.924635
7978.27942,1001,1853.17772
-167.478264,112,1853.683334
3835.269551,658,1856.428219
439.253672,207,1857.284318
208.281543,24,1857.385473
192.28813,167,1858.086612
741.93472,93,1858.474189
105.181149,171,1859.181232
4787.024011,570,1861.532484
9784.360109,974,1865.551593
253.436942,27,1865.666203
4742.006928,777,1868.856734
1614.291055,224,1869.771649
-909.086083,50,1869.978591
8093.220026,951,1873.887584
8446.670104,1001,1878.012416
557.124601,246,1879.026799
6328.33592,755,1882.15669
-478.223993,110,1882.61014
4961.869196,731,1885.608933
1084.358408,160,1886.264095
145.124552,151,1886.890984
6601.073239,850,1890.356902
-547.957903,67,1890.632878
3443.373395,656,1893.318564
136.11521,161,1893.988531
865.112954,117,1894.468787
2254.59275,286,1895.651081
-216.463125,112,1896.11261
-752.001744,58,1896.351249
865.233704,278,1897.515562
-791.923376,76,1897.832307
1371.600337,191,1898.624815
919.519384,260,1899.7161
-245.800728,115,1900.214397
4783.573234,626,1902.901372
8346.333927,1001,1907.254038
3205.132789,534,1909.46767
-82.559365,124,1909.999659
2633.417012,343,1911.415058
3187.75293,361,1912.937707
-592.671389,78,1913.277269
2972.374522,517,1915.448466
408.822021,45,1915.644648
8568.31969,1001,1919.801502
439.984474,204,1920.642984
-725.834732,51,1920.857606
6280.260569,746,1923.942747
3020.488022,511,1926.051942
3462.425899,490,1928.108546
-243.604283,106,1928.545649
-107.176976,127,1929.071604
6545.623046,768,1932.315706
486.464603,200,1933.159096
-294.181407,136,1933.755004
265.253432,160,1934.418518
-188.23917,124,1934.941468
2753.898203,381,1936.570508
-597.372632,111,1937.038142
2354.266544,244,1938.058568
1766.533082,345,1939.492211
945.943873,260,1940.561401
396.890744,41,1940.735209
6204.785153,492,1942.853217
-832.5704,58,1943.096644
-611.94758,69,1943.39365
2726.092959,382,1944.988949
451.900639,232,1945.956082
6491.546494,769,1949.120597
8833.715474,774,1952.303237
-710.746324,54,1952.526878
1251.1832,173,1953.239701
890.953431,271,1954.409403
5929.899389,730,1957.631832
8329.801082,1001,1961.896821
4857.795105,759,1965.236702
1841.892789,242,1966.262783
7814.988367,1001,1970.510532
5128.171527,318,1971.910228
5602.791877,683,1974.792549
5268.684233,799,1978.182786
1673.870258,202,1979.00668
6407.978446,478,1981.066111
2539.237933,444,1983.061766
579.222312,79,1983.446189
8060.003656,1001,1987.989437
5862.543253,428,1989.694394
-400.036975,88,1990.043519
3802.729765,485,1991.978826
-611.171933,65,1992.234379
215.171928,232,1993.152253
4996.512482,704,1995.946462
400.961179,183,1996.765476
6660.104637,818,2000.250719
7969.476639,1001,2004.99486
1389.54836,308,2006.353744
5915.219783,693,2009.656301
-448.877116,92,2010.034807
-857.94342,37,2010.18264
-501.106884,94,2010.563186
-784.855511,57,2010.797548
5952.35247,721,2013.777895
7768.490128,1001,2017.888268
8422.851337,1001,2021.964029
57.78436,161,2022.604236
151.112048,176,2023.304147
5652.012243,664,2025.964857
8445.587981,1001,2029.977615
1032.430272,272,2031.068886
2368.420361,473,2032.976204
-174.999338,123,2033.462401
1166.761392,133,2033.995942
-423.437085,86,2034.339172
275.745519,174,2035.035303
5845.673758,741,2038.001197
6208.254776,475,2039.894623
4295.792294,526,2041.997878
-264.881334,112,2042.444548
5298.103355,377,2043.943316
-820.137696,48,2044.140293
4132.850416,464,2045.993268
546.072622,236,2046.936383
196.295112,159,2047.578172
5229.413423,606,2049.991448
-497.488257,98,2050.381087
100.280786,145,2050.96024
575.478957,242,2051.92205
402.784206,198,2052.713806
2864.923038,318,2053.978332
6819.010097,967,2058.429248
242.013813,34,2058.597422
3067.80486,536,2061.505407
4093.976273,465,2063.439762
-644.633843,68,2063.723033
2106.53149,418,2065.573055
4262.293615,515,2067.965373
8536.037261,1001,2072.14285
6417.320774,765,2075.624247
-518.906159,89,2076.086469
1180.252657,147,2076.809007
-502.880075,73,2077.111048
-287.278274,115,2077.602318
343.724961,180,2078.358562
5202.140742,633,2081.008297
221.797478,164,2081.816404
6763.92768,837,2086.064584
8683.08162,745,2089.396529
-646.987978,58,2089.634895
1648.86115,198,2090.465955
-797.595233,40,2090.661697
-614.174262,85,2091.064111
7309.242767,876,2094.802094
9399.913879,840,2098.260359
1059.930722,161,2098.917826
28.137612,161,2099.605142
513.244462,209,2100.437368
5541.685444,631,2102.997837
714.17252,223,2103.884717
-264.839062,122,2104.368567
-644.582085,66,2104.637439
4663.288961,590,2106.99857
8537.838085,1001,2111.001538
75.316233,149,2111.591474
1616.645313,365,2113.069529
4292.330968,487,2115.086738
-490.04058,95,2115.5479
5486.336434,375,2117.462033
4319.81145,531,2119.885741
8253.971212,1001,2124.465979
7540.577933,1001,2129.316594
3056.362141,342,2130.694379
-503.875672,93,2131.066329
4521.242743,566,2133.392679
-332.190891,97,2133.833662
7853.519866,904,2137.900095
1374.941521,301,2139.221358
1037.240576,274,2140.382918
4049.240325,426,2142.40593
8476.008931,1001,2147.006607
-322.128351,116,2147.472863
-489.329133,94,2147.854209
6804.244199,791,2151.025055
8038.405214,1001,2155.02536
5665.247721,667,2157.693331
-233.306479,109,2158.130884
-40.943924,140,2158.734354
733.687818,85,2159.107661
838.012191,264,2160.195423
173.636537,162,2160.899956
4658.180253,575,2163.567401
6049.579859,457,2165.555058
4325.422544,544,2168.339072
4110.328269,646,2170.948949
2943.026903,355,2172.375992
