#{"t_start": 1607876207.5060074, "env_id": "Block-v4"}
r,l,t
426.556453,174,0.703739
1391.234956,277,1.800204
1899.785045,339,3.149385
624.166384,210,3.976717
-584.630613,137,4.540099
884.095108,332,5.839202
54.841988,159,6.46667
962.916159,261,7.511959
319.407611,112,7.955593
3035.39664,577,10.222445
2995.287784,424,11.893385
118.445743,49,12.10054
4543.733708,413,13.719842
427.169918,213,14.555086
-883.695572,62,14.7967
81.246206,107,15.211025
491.967738,157,15.832025
1068.429686,223,16.698179
2222.553917,323,17.983689
1106.987218,362,19.407452
636.843683,93,19.774572
-572.731465,80,20.087997
216.83971,77,20.391253
250.481084,77,20.690814
-634.032385,80,21.004804
376.636439,187,21.744822
-264.11524,129,22.262769
155.107312,64,22.520256
-17.880545,7,22.550947
341.584639,146,23.128282
365.589531,101,23.525289
151.515417,53,23.7442
-799.991158,133,24.265221
516.400176,80,24.578485
11.405257,76,24.875803
3208.085005,482,26.753932
-27.640889,135,27.298005
9.277817,95,27.682054
3664.37191,616,30.087838
2004.707204,385,31.596984
-576.972075,61,31.832607
1333.868073,302,33.028963
3752.340488,638,35.526412
6684.396184,734,38.41257
-770.500345,47,38.601648
-9.56682,30,38.719785
268.256945,57,38.939607
723.611121,133,39.474183
1954.398715,443,41.201655
38.728922,49,41.398135
49.548137,39,41.550164
12.868466,169,42.21102
50.300896,69,42.491701
-829.701355,136,43.03484
-565.370279,94,43.407968
-4.335091,2,43.416514
862.092273,166,44.068801
833.258614,290,45.203231
838.162393,295,46.352171
-44.883019,148,46.928556
-913.927852,63,47.17117
30.004563,39,47.343184
29.665066,159,47.975396
2247.007041,391,49.518283
1430.751068,254,50.506334
447.270149,126,50.997421
418.192377,71,51.28104
-699.390914,49,51.474868
188.314792,222,52.342257
1217.335745,328,53.646326
13.675424,342,54.975356
222.051421,60,55.21894
1104.859321,279,56.308236
-404.745868,109,56.736671
-20.47367,13,56.785376
-517.080918,102,57.182052
2905.186527,498,59.157336
-414.822579,223,60.032528
681.191677,179,60.729424
41.599029,49,60.923411
1634.683752,253,61.905804
-457.471035,202,62.728024
224.528716,95,63.117395
828.506249,117,63.575531
-771.168958,78,63.891444
-887.283918,40,64.052123
5068.508295,766,67.046381
3880.067884,833,70.318455
-10.879951,77,70.616466
573.591325,91,70.982778
2008.40342,336,72.293781
-25.339168,109,72.717305
-983.462105,42,72.900055
-16.179536,6,72.925006
348.586249,151,73.528558
208.951923,49,73.7193
2485.164008,131,74.236347
1097.078954,177,74.937185
304.914195,55,75.158591
296.955759,56,75.381164
-619.956782,135,75.909764
826.650259,152,76.509631
7.588553,20,76.588712
3675.531036,583,78.917703
-309.560003,122,79.402931
10.667347,189,80.144349
127.782113,255,81.133508
1.065274,72,81.415565
62.284448,18,81.48636
373.422238,153,82.076345
729.658035,192,82.838539
-716.289664,109,83.271164
-765.492331,51,83.469814
1902.62815,334,84.793523
809.50609,149,85.389443
-439.40598,78,85.696293
1656.038815,280,86.808393
-181.386765,132,87.328913
-507.64116,150,87.916204
114.873817,35,88.052105
-593.719432,138,88.595934
356.686154,78,88.901796
-742.999663,97,89.28688
64.581944,302,90.492335
235.452763,69,90.766477
-629.011231,152,91.366284
932.748189,313,92.60619
3076.89945,536,94.745707
-321.985436,217,95.60251
646.533351,110,96.034072
535.383845,145,96.603375
513.890984,302,97.78217
-775.266939,55,97.996063
831.928032,172,98.675989
-603.479264,84,99.00276
-847.469129,70,99.284197
-11.38823,11,99.336464
443.827011,73,99.624127
3715.509137,763,102.63445
194.774698,229,103.52843
2346.267896,490,105.4647
966.780724,282,106.573983
1745.407187,438,108.284859
49.418143,51,108.486415
1891.341216,512,110.513975
-460.836351,170,111.18547
-593.116598,145,111.751945
-531.029497,77,112.057614
-767.16995,59,112.289739
1656.420578,260,113.315459
931.002148,290,114.463311
1773.67964,353,115.874238
4143.942691,648,118.430879
4284.219953,697,121.189248
1485.894781,304,122.393013
-15.834165,15,122.455478
207.653837,99,122.84199
5209.209716,887,126.357177
3191.12337,560,128.557771
630.100456,135,129.083984
144.091638,213,129.928587
93.714866,93,130.314939
-752.418343,56,130.539291
1091.077866,361,131.959471
-909.462471,43,132.127094
-495.552315,233,133.036257
91.113632,53,133.240008
-469.776057,84,133.567616
-854.056799,67,133.829489
218.066835,104,134.240419
-599.0989,81,134.553549
82.451919,31,134.677216
921.598135,344,136.038658
488.097576,285,137.160184
921.759924,260,138.192748
533.19324,168,138.852751
0.942791,52,139.058107
348.209883,59,139.293024
-731.706667,52,139.499654
3159.774649,621,141.962777
148.576739,49,142.166823
698.928677,252,143.1591
-28.669105,18,143.234549
1483.034545,228,144.131459
3926.551619,452,145.932363
91.866613,51,146.136568
-159.713091,131,146.661113
-179.21837,191,147.409367
672.126096,307,148.620546
-107.709464,209,149.436373
844.074708,163,150.087712
3861.537949,564,152.325697
123.381586,92,152.685936
-526.640715,121,153.157779
737.044885,224,154.042268
1892.197877,442,155.791601
-226.21228,249,156.776769
1956.455951,310,158.001839
-863.97521,57,158.223752
2493.4918,392,159.7711
-551.056356,102,160.169141
2973.82506,450,161.956624
987.700812,169,162.622591
633.762845,206,163.426514
155.661791,41,163.583809
963.190958,193,164.338445
1475.539574,363,165.771572
183.963028,29,165.889852
-493.680686,77,166.189616
2534.868648,736,169.036406
-1064.088803,97,169.411189
341.316613,91,169.765867
-674.223365,108,170.180849
4638.275295,477,172.029884
1503.35664,416,173.634423
51.09273,30,173.751001
184.141079,112,174.182647
545.473863,131,174.683759
-778.687938,99,175.066304
666.283481,151,175.652857
-402.960581,104,176.059615
1578.274322,262,177.071182
658.276823,112,177.510831
1219.988156,358,178.884905
-640.178106,95,179.251506
2046.576328,497,181.172839
185.089867,51,181.381829
45.514721,44,181.552127
5836.36462,941,185.169103
104.314766,16,185.231197
-626.86896,80,185.538944
4.907551,217,186.410704
3006.712865,244,187.36199
670.591901,122,187.837824
1342.138597,231,188.73906
427.040646,107,189.171072
1103.19368,166,189.822058
-395.003274,105,190.229021
-279.228794,158,190.848463
-988.653243,28,190.959985
-11.370552,8,190.991895
5252.636811,522,193.050236
-26.849707,14,193.106122
-290.975897,121,193.584283
776.831609,166,194.231035
724.189791,353,195.608645
-768.37884,67,195.873576
-699.507861,64,196.123469
928.937303,230,197.02938
4915.325536,705,199.812026
18.671731,254,200.807517
94.981886,42,200.972222
-290.161025,209,201.792002
-640.058107,74,202.080238
584.538449,132,202.611399
-36.450417,56,202.834001
849.053155,314,204.062238
-840.189243,61,204.298486
847.985345,155,204.915353
480.234729,89,205.260039
796.312222,285,206.375694
-729.300247,166,207.021328
-255.177584,121,207.511155
457.480914,141,208.069441
222.383874,65,208.319954
351.641876,88,208.675347
41.656187,46,208.855909
793.532168,165,209.5056
1416.130018,271,210.557733
-35.309812,17,210.627232
984.953504,322,211.882
-31.04985,167,212.543858
191.882191,59,212.789413
5616.371005,729,215.635123
169.564697,141,216.186656
177.483621,131,216.70274
932.068168,269,217.772911
-25.551645,219,218.628888
-588.729341,90,218.984949
66.451938,77,219.290522
-250.059204,204,220.083483
91.347222,43,220.248562
333.844608,99,220.647354
566.130564,180,221.352496
736.913324,122,221.828623
386.893046,270,222.89737
-719.105787,60,223.134309
232.660146,181,223.841601
-865.554927,35,223.982873
965.921236,153,224.588161
5297.493318,583,226.861073
2393.688726,418,228.520469
5328.197721,549,230.675206
2969.462486,452,232.4469
3618.390145,382,233.956287
3727.524155,619,236.382308
388.872215,199,237.155002
86.72426,166,237.816866
1176.228208,170,238.487495
488.680291,180,239.189251
-1072.801054,30,239.308096
1481.205077,256,240.320712
3504.555528,332,241.624099
169.037396,48,241.81184
-827.105027,48,241.999866
3213.777201,449,243.781088
734.819268,124,244.27199
-276.400751,183,244.977956
-879.688707,36,245.11661
157.620075,40,245.27285
63.987886,21,245.35832
50.835051,62,245.598623
-39.800196,34,245.729997
46.679694,9,245.762478
-2.250618,42,245.924298
-450.688946,194,246.667489
2223.556587,380,248.139857
-180.883469,175,248.819289
6173.189602,630,251.245008
1013.061628,196,252.006192
-177.779049,134,252.522462
-179.913337,128,253.015833
337.950771,89,253.368987
-827.111146,41,253.534308
1253.108321,218,254.37559
433.682524,153,254.960787
1574.87833,238,255.892355
3148.95942,692,258.564538
1091.273473,222,259.422942
134.977574,84,259.753211
-4.244891,3,259.767998
637.245283,98,260.145036
-324.624216,180,260.837925
-1003.19871,57,261.054497
228.17991,61,261.294257
61.237004,71,261.564966
1509.977689,469,263.381187
294.21838,65,263.634598
-678.569421,82,263.951235
611.999317,212,264.766295
-677.911875,75,265.057837
-730.003753,98,265.437036
195.947119,71,265.707148
-391.727166,123,266.181748
-590.279738,124,266.657615
650.007049,175,267.332397
158.538055,41,267.493042
2566.087751,393,269.016784
740.379781,265,270.038265
1575.797227,287,271.148391
-23.404051,56,271.364358
-41.195369,80,271.670576
-307.21282,113,272.10635
-470.13486,151,272.682123
552.102947,324,273.938832
2217.338215,333,275.231683
323.852324,81,275.541484
6851.143672,920,279.092516
5223.042913,483,280.96236
-265.251691,150,281.542406
1923.416642,368,282.961565
2517.835317,532,285.11569
2059.326635,345,286.481973
229.599899,63,286.738356
-842.016542,54,286.951098
-18.749422,7,286.976423
215.614406,90,287.329982
-217.926029,124,287.81742
-909.560592,61,288.061166
4613.135133,726,290.924299
-657.839834,193,291.673749
325.172432,70,291.947376
566.589274,130,292.464265
109.390469,28,292.575301
37.34316,195,293.342109
363.352113,204,294.164958
129.513986,51,294.365352
216.838466,74,294.66584
147.006609,56,294.887973
-58.114735,31,295.01234
-981.658477,51,295.211718
-400.545849,84,295.542092
1768.128676,301,296.725445
-187.360627,152,297.318658
419.527754,139,297.858624
-893.680415,20,297.937645
1535.913481,223,298.819681
-11.302018,11,298.860772
-696.282166,101,299.279701
1924.806026,454,301.059494
2480.716022,435,302.762327
-644.313837,113,303.205346
212.467434,90,303.558583
603.226026,114,304.013177
-426.00738,95,304.392637
-57.656765,267,305.448846
-542.698596,94,305.819314
-125.784655,220,306.690526
-19.296229,8,306.72341
2222.449069,410,308.335632
0.351506,38,308.484901
-657.27978,65,308.739779
5022.245125,458,310.569158
161.78424,30,310.688893
1602.985663,333,312.003123
296.338303,229,312.903095
-668.210653,115,313.358936
1359.736262,324,314.656959
1104.146126,241,315.600733
1430.480674,294,316.75149
3134.087285,466,318.579075
3090.993599,196,319.363527
-998.799011,55,319.587419
288.725847,257,320.591941
338.844247,275,321.665799
1030.702711,218,322.526803
166.712282,50,322.721971
534.839252,108,323.143353
-874.698272,105,323.552674
-625.709088,84,323.879864
1985.257639,379,325.378484
91.133766,40,325.535736
1330.213106,235,326.456713
2193.81116,347,327.816063
19.832173,81,328.129144
-952.125574,67,328.395045
-1075.538374,58,328.623404
696.235022,255,329.637618
725.021813,193,330.400558
1236.05541,241,331.340888
2465.783177,361,332.754933
-621.383143,126,333.245476
1289.208462,202,334.041905
-701.325959,60,334.276218
25.934459,11,334.31727
2122.702347,540,336.448169
102.463588,266,337.486216
103.217448,52,337.690358
303.695269,143,338.256572
29.463273,24,338.350656
133.340143,40,338.505937
2171.576656,528,340.584843
-752.522132,72,340.865953
2390.424688,337,342.194498
648.291157,399,343.749775
-252.034269,134,344.2721
372.7228,198,345.065623
1101.930747,270,346.135097
3177.747107,545,348.278626
428.310284,117,348.740594
2116.338659,339,350.094217
380.741497,130,350.606433
1943.390827,265,351.652863
50.491898,23,351.742303
-659.998522,78,352.048851
678.918006,126,352.544486
2317.329951,379,354.038323
2792.555754,429,355.745558
-19.01497,20,355.825652
498.469379,171,356.499915
-27.581155,112,356.941498
-68.400296,37,357.08462
1219.646761,232,358.011983
-727.558361,65,358.270074
1035.412382,201,359.057716
2955.144681,237,360.008254
147.002835,65,360.264991
56.653233,22,360.35287
989.248401,150,360.942275
-764.194128,93,361.311413
645.205858,130,361.829335
39.096183,38,361.981293
420.028807,292,363.124647
95.896914,27,363.229203
4058.611226,682,365.929823
1189.429067,177,366.633414
-947.339496,29,366.746328
-48.540947,193,367.508206
4020.456516,602,369.896568
3819.014017,697,372.653193
461.254341,252,373.651914
112.444222,52,373.856895
5240.085171,1001,377.818397
6295.193804,1001,381.75762
-800.95124,79,382.068256
3641.048555,336,383.378008
266.18769,47,383.560877
450.436321,257,384.565086
1363.748953,282,385.687853
-847.928577,46,385.868584
-464.660376,114,386.317042
659.071235,288,387.441135
474.134737,107,387.855352
-679.892399,234,388.767616
-92.098048,142,389.329713
126.269068,70,389.603899
-341.146082,173,390.297879
-457.193493,93,390.662204
70.924751,44,390.835283
77.081455,95,391.207623
270.067755,94,391.575915
1616.306491,264,392.626022
904.489785,194,393.391233
83.497188,44,393.56327
2640.553898,596,395.910791
984.70262,365,397.344849
-16.022122,40,397.501129
1076.510038,164,398.139967
474.701679,103,398.545161
-1.359887,13,398.594255
415.574463,267,399.636024
532.858399,181,400.351945
1498.644438,273,401.444606
-780.969694,58,401.67368
345.670842,123,402.155595
87.559804,207,402.973273
4826.202843,462,404.774566
201.479071,107,405.210649
82.457233,44,405.385674
216.315777,50,405.586481
641.317461,136,406.120456
-621.967435,79,406.437338
675.601738,305,407.627295
1751.293353,431,409.320738
2359.140696,340,410.68107
-859.123801,70,410.960328
3576.790786,591,413.288463
1295.147816,255,414.291155
464.399677,203,415.084574
903.263741,543,417.246754
584.814911,176,417.941977
5677.639613,825,421.206399
660.596329,236,422.140294
755.267815,164,422.784622
55.576082,36,422.925688
1449.857505,385,424.461355
-710.782977,46,424.646987
-705.022192,51,424.853439
83.315411,83,425.180947
678.170445,133,425.715298
-1055.185433,98,426.101916
-674.797854,124,426.586473
-248.453413,308,427.787375
1478.219406,338,429.111931
360.963302,113,429.55561
-1.334748,11,429.59641
755.78795,303,430.796931
3390.565573,574,433.070988
-910.087896,131,433.586172
-932.108998,87,433.930701
-804.110947,95,434.300655
348.742746,156,434.912261
-965.022839,98,435.298378
74.372048,184,436.044335
920.821279,250,437.039878
4048.311473,934,440.714499
121.660909,41,440.879517
41.155234,26,440.985022
719.421481,108,441.409778
310.696824,182,442.123876
851.741198,126,442.62172
-727.261543,125,443.110335
28.396219,34,443.246368
-534.340647,124,443.735688
1511.359761,302,444.92923
2067.621435,398,446.511249
-876.178955,67,446.777905
989.193033,152,447.377099
415.720649,77,447.676547
1954.178688,307,448.894892
3323.440696,531,450.987078
1823.119887,282,452.103334
-800.9558,99,452.501725
260.593872,89,452.850352
1240.837675,370,454.301202
3614.074904,261,455.327137
2346.987373,370,456.80674
115.297102,40,456.966068
2380.308268,232,457.877683
-884.005054,74,458.170836
213.490659,114,458.618313
2803.497818,541,460.749112
606.427182,163,461.41075
1086.377697,229,462.312076
180.306499,136,462.845512
513.117262,314,464.079871
920.696163,159,464.720057
3727.696527,371,466.185103
79.88084,22,466.275132
1433.397813,432,467.97471
877.025352,176,468.675622
3379.281632,538,470.778989
294.993383,71,471.067734
-433.528088,168,471.729866
405.30919,200,472.514408
90.600598,24,472.608976
-800.576111,103,473.00623
-585.274125,125,473.496119
823.235264,214,474.331514
-835.486291,64,474.579672
87.701023,42,474.743755
3014.841495,453,476.528056
2719.477466,590,478.856313
-560.696073,98,479.243814
-20.04198,8,479.27667
617.643777,87,479.624306
1113.655681,218,480.491187
6537.326091,1001,484.450145
83.436575,39,484.606868
-4.662586,23,484.695632
-596.632491,77,485.002913
-636.649339,79,485.311014
3139.905771,479,487.217266
581.488679,218,488.08345
96.618989,47,488.265763
77.878764,39,488.422583
1557.506572,227,489.313854
188.734826,39,489.470398
2993.908793,735,492.3819
899.24084,145,492.959334
2708.498347,711,495.746116
287.057985,145,496.335683
-643.672158,83,496.666241
624.365833,117,497.133506
101.304546,192,497.906485
-988.619701,69,498.174503
2206.823353,390,499.696427
551.428606,150,500.290775
1543.811467,430,501.982531
2701.49048,245,502.944396
1678.01828,326,504.226205
3899.528548,689,506.91899
1988.004683,312,508.151106
6124.034162,590,510.450958
689.116219,411,512.07395
-915.277342,43,512.240071
2041.536499,335,513.553467
46.132937,33,513.681955
3788.000341,590,515.988649
25.780907,22,516.075992
4879.794115,515,518.106731
3033.522001,464,519.920006
-192.92231,216,520.760122
371.803396,54,520.972468
837.42601,150,521.562917
-540.107956,132,522.086652
1039.551533,310,523.303343
-1027.128667,58,523.537882
250.965501,81,523.851637
-848.259786,32,523.980051
-191.15273,137,524.520063
-874.501657,109,524.943033
295.948029,102,525.342798
-839.130351,35,525.481819
1252.845937,246,526.440902
246.132002,85,526.785091
-958.47508,35,526.933324
1355.947789,220,527.80639
623.039187,90,528.166792
1054.611126,159,528.791947
1864.087461,436,530.508024
434.466515,76,530.807242
-1054.750921,20,530.886908
1321.14736,220,531.777704
-5.939338,12,531.827618
1576.873059,312,533.062301
-505.594921,230,533.968201
2966.398187,326,535.254238
-27.070761,12,535.30414
325.770572,83,535.63426
-8.952004,26,535.738583
-690.60898,94,536.108814
-291.826501,191,536.870083
-782.024689,62,537.118009
1759.100252,396,538.666758
589.274068,167,539.329252
227.362003,91,539.682255
-684.600769,51,539.884681
854.427403,176,540.570343
2701.64175,491,542.502815
626.867212,283,543.615539
3290.797104,548,545.762332
-430.15705,134,546.288709
163.498251,57,546.507841
-340.583931,174,547.209324
624.733715,88,547.555107
-14.572559,11,547.60205
4578.369272,524,549.646415
3472.225847,324,550.908627
98.494517,29,551.028022
-736.294881,78,551.334512
65.392605,35,551.474022
-376.59913,96,551.849359
-554.248569,94,552.233728
-582.627203,94,552.607042
94.262515,29,552.718516
1131.797455,457,554.503847
1228.679104,231,555.413646
-612.662883,223,556.282795
1159.8849,172,556.9594
285.547964,91,557.327535
3534.246677,515,559.349325
224.232489,66,559.606649
860.111817,319,560.84476
3826.707891,616,563.274817
-11.503284,7,563.305546
-953.664773,32,563.434137
-1004.397975,61,563.671557
6463.443145,901,567.220234
6058.973663,1001,571.159579
236.354966,201,571.953698
143.426103,50,572.1602
-1184.741757,72,572.455027
-347.105411,167,573.109888
817.132003,151,573.707115
-633.436528,81,574.023517
107.282537,23,574.117744
-732.122632,107,574.536898
-30.206325,9,574.583542
605.590506,140,575.131446
-1044.637711,38,575.28232
151.69444,35,575.418273
7568.999464,815,578.645385
264.102151,113,579.08634
0.420679,93,579.454348
-1033.289932,44,579.629647
-494.793719,111,580.062533
-541.537599,124,580.549852
2888.25627,595,582.932166
73.890545,34,583.065399
1882.882543,519,585.171404
2843.190302,482,587.063987
262.046279,68,587.337906
-44.905068,34,587.476492
880.961393,180,588.189804
642.319185,191,588.93817
3609.17524,528,591.004033
2269.615152,328,592.287516
4506.496623,669,594.92355
-15.405143,4,594.939874
1204.24621,422,596.579629
-410.174409,151,597.17155
2197.015156,428,598.888199
352.221911,155,599.495983
-170.086529,175,600.194327
-766.705612,57,600.415819
80.486921,252,601.408562
120.218335,28,601.519833
1640.737324,263,602.57711
-818.606187,57,602.802951
-31.514739,14,602.85942
2711.869288,652,605.441384
45.657545,29,605.55847
574.5118,107,605.974732
27.981887,23,606.068573
-681.007135,71,606.353076
812.38401,119,606.820075
660.532717,266,607.872747
-676.106291,90,608.229465
3098.88663,645,610.759261
3831.09876,608,613.157312
-687.131051,99,613.552228
-276.666323,157,614.171348
168.584675,95,614.546355
219.038011,42,614.716272
-645.886342,130,615.232252
458.057616,273,616.305968
-678.773634,106,616.724558
-688.559899,85,617.062382
-644.11728,70,617.338606
2136.32262,337,618.686421
-27.304822,15,618.749252
-405.800889,145,619.323992
1405.502758,245,620.295021
-509.714851,182,621.00823
1310.554034,365,622.447317
14.510562,49,622.642693
1279.016563,396,624.21393
131.325335,179,624.911781
-580.26629,186,625.6362
789.08394,240,626.579282
-1026.378247,78,626.883511
1036.477238,175,627.569533
3042.006934,557,629.767847
-45.708618,186,630.50338
-13.944754,5,630.526785
-531.69477,112,630.964609
259.924218,71,631.239623
-738.5089,70,631.514372
84.524767,33,631.646768
577.744916,277,632.728641
2374.624977,438,634.470074
4076.795774,425,636.131761
-823.360637,136,636.661842
279.426863,76,636.961696
-576.612419,78,637.266337
2044.548955,286,638.406924
-1030.718142,41,638.56641
-2.742242,44,638.739469
2265.253793,491,640.670559
427.162611,154,641.275908
1318.367376,217,642.132515
239.859699,54,642.345076
5680.53208,570,644.605083
1709.64777,292,645.763493
658.477801,139,646.308892
2802.012183,645,648.852171
1730.92797,356,650.251011
6301.042644,653,652.797724
190.12712,79,653.111593
1742.918647,269,654.184022
350.629258,137,654.717439
237.93801,87,655.060212
-158.732159,143,655.618364
3771.031664,634,658.103945
1008.309404,283,659.234199
4120.213293,698,661.966689
-39.001312,20,662.046104
-877.026404,34,662.179546
6093.39117,967,665.983288
338.868716,70,666.258898
3617.218818,628,668.731579
-701.681343,51,668.93957
-406.523552,206,669.75468
134.718497,46,669.936661
-139.579894,320,671.190589
-258.776172,119,671.656809
-71.164558,203,672.454412
268.844245,322,673.742616
70.821427,37,673.886124
114.456379,179,674.596092
1761.079568,502,676.565305
2019.862383,320,677.828111
106.108365,32,677.954603
-346.244007,153,678.569171
298.066864,73,678.863966
33.589529,62,679.110456
-723.545538,154,679.716109
-909.246559,42,679.881818
-700.387998,54,680.095901
14.971278,164,680.738096
1837.530458,267,681.789618
877.067136,435,683.503616
331.94904,83,683.833573
-775.65677,60,684.072815
1805.033828,423,685.74387
75.739379,53,685.950523
1218.657535,491,687.872062
-867.671117,54,688.084275
1262.561779,240,689.053894
242.790744,163,689.692167
97.178674,80,690.00832
1762.815945,446,691.761189
1830.427055,475,693.63836
362.938232,363,695.06586
2002.653225,467,696.901993
487.605208,171,697.569232
849.137671,291,698.728243
-408.712596,196,699.504456
801.659342,287,700.64226
-643.989537,103,701.059524
-48.543636,50,701.257615
197.789528,71,701.534874
-10.020042,3,701.550134
-499.942757,90,701.903224
3436.476907,395,703.443662
-779.566862,47,703.630409
-596.327778,93,704.017038
197.388745,195,704.787674
-508.607262,85,705.128103
-807.097926,87,705.472661
-13.127891,9,705.505872
140.094508,41,705.6697
399.373295,129,706.177145
93.495879,46,706.360765
1722.774787,473,708.209598
2184.847617,312,709.463631
1210.975568,406,711.057215
-24.91173,51,711.257295
501.733961,355,712.649229
254.544562,150,713.244383
245.549996,39,713.396075
48.240371,28,713.506749
118.646451,30,713.626738
548.233487,159,714.270337
1134.575336,195,715.036273
4081.68881,589,717.364628
6702.751401,1001,721.320273
-275.064984,151,721.911777
1939.530443,298,723.081989
49.377115,189,723.824973
835.602869,201,724.642335
15.40009,42,724.809291
706.617103,120,725.283768
90.694098,42,725.449234
-849.343,48,725.638876
649.029231,242,726.591962
2070.36787,533,728.687609
940.625025,136,729.236607
603.421727,266,730.291282
765.506539,289,731.42962
-437.352084,112,731.869325
128.386417,21,731.949874
2155.422573,313,733.190669
126.489671,282,734.312813
834.843112,306,735.525652
-597.232591,137,736.062203
345.427998,92,736.433129
-515.55736,131,736.952719
-9.393078,53,737.159321
105.675445,152,737.759044
832.962665,284,738.878526
920.360813,239,739.841913
1845.696166,326,741.132601
280.684447,216,741.983988
159.069182,69,742.252456
-117.112262,223,743.130303
-523.022281,111,743.565561
1817.056109,331,744.893352
301.313282,51,745.090558
-718.325372,73,745.383937
3293.251674,262,746.407447
-13.144865,148,746.983512
3557.293625,518,749.01646
-8.738037,8,749.048577
1271.061012,249,750.035835
525.725906,138,750.581585
503.309765,141,751.168461
269.177924,97,751.549845
-565.815289,92,751.908041
1649.67201,276,752.993439
1828.32652,293,754.137839
-110.034891,162,754.792096
3425.447987,546,756.942449
2759.164151,475,758.791228
3505.234021,526,760.883978
1735.962557,582,763.156969
-708.735784,75,763.455855
2187.381516,344,764.838377
353.675877,178,765.542841
-506.765768,89,765.891317
1153.883235,276,766.983933
332.685773,206,767.792668
-23.591759,13,767.84728
-655.60982,64,768.108427
-713.71002,46,768.291399
-439.485515,118,768.760676
-27.245299,11,768.803415
2903.406489,526,770.887853
3000.543807,475,772.762495
1267.622503,405,774.347427
863.19035,358,775.779029
155.227729,92,776.147975
759.429609,146,776.719714
5870.253736,1001,780.663854
403.230685,83,780.994385
4786.865094,424,782.689066
2804.134241,494,784.677305
4916.403647,445,786.453443
304.48252,102,786.855047
364.623338,175,787.539981
111.381386,73,787.828992
716.185027,206,788.647669
-14.624638,12,788.695802
76.242605,32,788.822765
-16.219019,7,788.848576
622.445353,265,789.906181
1917.102704,362,791.338221
287.196428,193,792.099158
717.875649,130,792.611444
-693.292542,108,793.035876
6271.519477,670,795.669791
1448.060065,223,796.556416
3987.280418,653,799.116182
-428.740439,103,799.522227
1422.359625,245,800.506755
-1063.303388,26,800.610487
-852.955186,43,800.783359
-871.01826,41,800.941328
-584.036364,84,801.272781
4727.796647,764,804.274055
313.863892,43,804.444949
-427.500538,188,805.195529
2464.817707,486,807.094354
-886.638717,40,807.25173
-441.629915,160,807.884769
52.185649,22,807.971964
-613.870144,66,808.23013
243.249536,39,808.38272
2277.883439,380,809.865543
-691.060329,71,810.159885
290.940639,76,810.466055
377.659802,67,810.730869
-18.968326,18,810.803892
376.823108,284,811.927008
-713.989382,97,812.312796
32.162527,8,812.344756
1975.042221,386,813.857053
3447.25912,615,816.323355
-715.340672,84,816.650172
-698.788162,63,816.901493
-230.558178,138,817.445561
-971.746562,42,817.609338
783.841812,226,818.488831
363.392022,106,818.903028
1282.613821,342,820.255617
1448.952669,218,821.114792
3882.518609,303,822.298655
364.34333,58,822.525473
2148.229325,422,824.180993
260.821206,110,824.610246
636.377189,122,825.09228
2269.311021,333,826.418401
1633.285112,260,827.444275
-222.185937,123,827.9211
-132.394167,53,828.131908
919.864412,141,828.679282
433.349456,223,829.549277
-417.176829,106,829.962888
3220.613719,531,832.07856
6673.560318,1001,836.038188
797.289323,312,837.262312
1417.026915,425,838.92453
276.261943,96,839.30676
781.38587,168,839.962629
-716.608719,56,840.182422
-95.662214,278,841.294253
3757.783938,365,842.732842
812.910728,302,843.925363
241.974944,52,844.129885
5634.154844,949,847.91972
-898.430065,35,848.061167
2330.81974,333,849.366973
-72.330612,238,850.297814
587.634348,348,851.686015
210.446839,47,851.87541
2504.272903,413,853.485963
-658.43839,84,853.813238
-768.862596,71,854.094315
285.421303,42,854.25913
2103.139258,391,855.811588
853.588256,188,856.554017
155.712123,107,856.979727
-924.848558,54,857.192392
3620.515279,652,859.759411
1856.798636,311,861.002628
672.287148,268,862.060568
251.708134,213,862.907709
-872.737297,48,863.097662
18.247203,27,863.202001
513.652744,134,863.729979
-411.379958,193,864.488915
-584.305785,116,864.944753
119.198211,39,865.096044
625.409042,267,866.17403
1181.51862,386,867.696386
-509.565677,140,868.247849
3644.801742,276,869.333493
412.010011,176,870.020932
399.419133,112,870.460638
65.793059,247,871.459877
118.294027,50,871.656777
143.311672,130,872.170046
-471.469369,99,872.562801
948.709663,324,873.838446
-942.342044,62,874.081763
2317.495767,386,875.606725
976.890478,179,876.330745
172.517871,195,877.103986
968.159922,322,878.360724
-688.144231,87,878.707297
-888.135464,70,878.980527
920.530157,148,879.559361
753.817036,334,880.87213
-111.558926,159,881.502062
-716.212676,57,881.724008
2881.678761,451,883.49475
158.105519,182,884.247125
656.54508,121,884.754497
2355.746093,345,886.261902
-553.72987,127,886.791702
398.510562,142,887.358603
164.362205,84,887.695959
3126.581288,500,889.665343
122.09767,31,889.790275
1539.529262,372,891.289017
468.61138,98,891.675368
-307.292187,110,892.108587
233.34681,85,892.442568
-828.237606,48,892.631221
278.544227,55,892.85323
217.768398,48,893.044804
-944.764362,28,893.15606
-837.035484,37,893.300053
-707.240331,48,893.48879
782.430217,120,893.959642
1685.802717,340,895.312821
175.877403,82,895.636273
2281.219215,343,897.01281
-70.70251,27,897.118214
961.936229,241,898.072259
-229.212429,124,898.562362
1429.506086,266,899.617707
755.080776,242,900.568362
-737.501836,121,901.052874
2246.424887,373,902.539601
1690.691839,265,903.592547
3669.582107,267,904.642654
195.224083,66,904.902113
587.933514,368,906.369098
1789.47905,300,907.560868
3891.861312,268,908.616545
-394.575531,101,909.011259
111.494806,52,909.217739
1786.233109,287,910.36014
531.780861,99,910.753769
851.172629,194,911.53493
-906.020424,66,911.802125
375.402881,97,912.187756
1696.776541,439,913.913894
1588.070331,273,914.998972
794.935556,126,915.496819
52.899063,28,915.609255
437.735774,141,916.160627
2649.814006,826,919.423159
26.677777,6,919.447334
1175.94349,463,921.275957
304.30265,99,921.668291
182.852547,77,921.978231
-823.779097,53,922.184956
120.44276,88,922.539771
3038.684905,207,923.359992
84.38369,14,923.41659
-995.372129,115,923.868351
1209.322756,414,925.495442
-34.687611,26,925.599207
409.550845,267,926.672786
809.841987,179,927.376456
3512.192294,542,929.494094
-901.608585,52,929.696997
-271.71779,136,930.224011
963.561502,271,931.284761
4193.426224,604,933.645942
2131.747945,397,935.185976
781.154818,294,936.324723
2367.195734,501,938.295169
1202.764697,206,939.091936
-19.275298,205,939.885515
699.344146,313,941.099213
852.703314,140,941.65459
-827.141,34,941.791919
626.878041,265,942.827119
62.248321,44,942.998588
-532.06453,67,943.261864
-683.43182,94,943.627498
158.115145,103,944.025772
256.939983,105,944.436785
3047.838568,632,946.910623
450.948383,143,947.464986
-635.529123,74,947.75335
2685.784452,583,950.023709
-18.083113,109,950.44692
475.889456,92,950.803504
-649.818467,134,951.323767
876.759349,504,953.332406
-773.654466,92,953.695161
1161.43058,271,954.772462
4668.86724,451,956.528252
1337.393096,233,957.467541
714.412204,317,958.715423
439.415016,270,959.771128
-797.039845,89,960.119979
-516.409071,250,961.093786
2264.130655,392,962.651064
655.765768,349,964.017859
336.879786,94,964.394732
773.723319,280,965.501651
820.876875,278,966.600682
805.478593,204,967.415634
4188.841342,780,970.462378
91.210055,17,970.532387
530.683294,111,970.963825
-122.28262,210,971.780609
4593.405608,680,974.483801
3863.692951,299,975.660413
1125.724945,217,976.51006
3444.788554,431,978.234149
203.333779,54,978.446523
439.023921,99,978.835325
3120.852218,259,979.840612
65.869487,23,979.928435
346.179522,220,980.776749
2119.425073,400,982.348589
124.572271,30,982.472091
-621.078008,89,982.839059
661.342898,115,983.309556
593.178441,222,984.343283
-896.506045,66,984.625753
2662.97958,349,986.021037
238.280995,66,986.283879
297.193716,64,986.538387
1592.565683,419,988.22093
-724.705301,45,988.405906
-831.931943,40,988.564444
-958.448814,25,988.662331
3146.85158,472,990.63259
364.253304,133,991.165245
228.982571,125,991.659031
-885.624963,29,991.777941
754.486806,136,992.337081
-80.57331,156,992.965841
467.942275,103,993.37541
963.229024,319,994.654946
575.854277,215,995.500987
1196.305235,192,996.337625
-208.271867,142,996.921659
-573.566714,70,997.211915
1014.775792,243,998.198416
712.238454,139,998.753031
-282.135998,122,999.245773
597.369482,109,999.678754
-578.564835,78,1000.004092
1004.447578,186,1000.794569
-492.057683,186,1001.525847
-209.237877,224,1002.418914
395.900642,96,1002.795853
1.645701,26,1002.898274
4026.757105,362,1004.340368
168.600593,97,1004.722999
2675.764241,516,1006.825565
68.800191,31,1006.957946
-137.270874,248,1008.032357
-430.646999,127,1008.58904
-964.328033,82,1008.919246
2692.35113,420,1010.62045
468.602998,93,1010.992399
36.634841,167,1011.655622
-24.529616,24,1011.753444
447.326219,128,1012.261373
2268.807691,385,1013.905833
574.979546,215,1014.794094
254.375748,82,1015.128214
-708.242842,72,1015.417632
-549.680964,124,1015.916182
-585.778067,109,1016.358981
4448.677523,696,1019.373034
3772.955039,578,1021.680567
2707.189541,423,1023.602471
5478.373147,988,1027.8714
-39.734754,13,1027.953105
404.665882,91,1028.377305
1330.406387,202,1029.31464
414.515089,162,1029.981778
3482.626952,546,1032.139162
-111.157637,136,1032.682536
3895.804389,716,1035.513746
-876.76085,58,1035.743165
183.042166,91,1036.105656
3715.828546,518,1038.143682
266.722485,151,1038.737366
1250.791963,198,1039.524408
423.379772,134,1040.049585
-750.672535,65,1040.308662
-833.710445,73,1040.59356
-270.978249,267,1041.643432
-12.949151,6,1041.667902
1129.573228,165,1042.311192
2820.864079,161,1042.945817
1641.58561,264,1043.995891
446.705687,66,1044.256403
150.912575,47,1044.440305
210.33035,45,1044.620734
-918.905051,34,1044.755912
4858.516007,809,1047.942015
823.986819,144,1048.510205
-251.88214,175,1049.199392
1500.659146,230,1050.104169
242.557307,98,1050.491205
-17.136219,157,1051.110275
231.524754,75,1051.410798
388.799315,122,1051.888484
410.839398,360,1053.300326
-477.850345,166,1053.950834
3355.182154,475,1055.821279
31.038559,33,1055.955037
-808.458237,49,1056.145358
2903.747754,145,1056.718632
408.957303,90,1057.072074
949.177026,363,1058.516755
-839.478747,95,1058.896354
-605.572447,77,1059.196165
858.192414,149,1059.786456
-449.539621,97,1060.165171
2878.549361,447,1061.922384
2358.91603,457,1063.719766
65.707048,164,1064.363431
2006.665249,341,1065.706051
212.173902,82,1066.028443
-335.280149,197,1066.803015
868.718794,217,1067.660093
63.858322,152,1068.255564
50.237512,45,1068.429662
-282.064704,153,1069.029249
84.736708,64,1069.280636
-442.835315,182,1069.995969
178.339523,47,1070.179036
149.656044,67,1070.446644
-750.340745,154,1071.054613
-747.135711,85,1071.390227
76.019441,43,1071.562512
39.118084,9,1071.596472
-491.354637,82,1071.917954
1125.789903,382,1073.425156
1561.310204,399,1075.005246
85.79336,138,1075.547598
4003.965763,368,1076.99373
1024.171819,219,1077.952548
2545.376708,414,1079.735865
4045.957339,551,1082.463873
-143.095298,216,1083.377405
-280.958503,197,1084.153864
28.270601,37,1084.305002
4067.209484,586,1086.747879
1291.752973,312,1087.9847
436.269235,103,1088.392596
93.3488,46,1088.575294
-478.602385,142,1089.138708
-863.376205,49,1089.33816
-761.980142,90,1089.693825
87.792308,41,1089.854865
533.676088,244,1090.816272
2147.139429,384,1092.492686
6.49511,5,1092.518686
-969.038649,143,1093.082018
-569.483775,163,1093.7299
-7.342885,9,1093.764028
81.686677,117,1094.227054
2553.414199,430,1096.054011
814.181818,134,1096.585631
-13.955911,5,1096.603655
-817.472088,43,1096.778415
-823.64991,60,1097.015147
3716.652307,374,1098.504328
3261.160462,524,1100.563662
556.292128,214,1101.404186
1396.021472,229,1102.300793
-861.155386,51,1102.504909
-931.104767,61,1102.742825
-377.157749,96,1103.11887
1250.194944,350,1104.497889
1239.1963,201,1105.288471
-858.319274,66,1105.547256
4852.005368,734,1108.417591
103.526074,176,1109.09343
1759.196375,552,1111.234303
125.543589,195,1111.984421
250.439677,78,1112.284684
-819.427831,89,1112.631651
216.69845,73,1112.913985
374.777391,92,1113.276237
21.911445,37,1113.425683
333.846868,212,1114.253826
-388.886358,97,1114.634692
-319.231438,103,1115.039003
-719.714494,69,1115.312426
1564.598978,229,1116.210116
6561.424082,1001,1120.125176
136.385407,42,1120.291687
284.483691,54,1120.503845
774.180489,298,1121.669476
951.693481,396,1123.218722
793.662026,211,1124.048423
84.655974,55,1124.263306
627.0598,432,1125.951785
3289.068089,486,1127.855368
54.737769,28,1127.966533
378.729337,95,1128.350514
-464.896019,90,1128.705268
-19.221208,23,1128.794346
188.310065,77,1129.100279
206.924518,88,1129.449895
4128.853559,628,1131.923896
522.589194,158,1132.544719
58.420975,37,1132.688234
1784.698021,307,1133.897695
-687.966129,124,1134.386884
1139.352455,307,1135.597814
263.05484,68,1135.865087
-13.636698,9,1135.903814
4494.104123,837,1139.187917
59.713348,42,1139.35632
435.352225,113,1139.802428
213.689156,62,1140.045277
541.758205,113,1140.488312
-19.233737,9,1140.526899
-608.781135,94,1140.896835
-12.027859,10,1140.936779
739.049418,164,1141.574536
57.486523,280,1142.667037
1086.157373,269,1143.706707
3249.946444,286,1144.814458
687.885653,198,1145.582238
50.807609,35,1145.721072
667.870139,142,1146.271459
-26.584812,13,1146.320558
-841.233022,53,1146.533834
1446.274085,274,1147.596615
-176.529392,129,1148.093109
142.131127,49,1148.288572
1715.162139,267,1149.321385
3233.498019,556,1151.479323
4486.829399,734,1154.396325
162.59891,61,1154.641346
-805.320408,44,1154.81652
1122.52578,162,1155.459209
1035.878513,252,1156.454213
40.57561,129,1156.960326
232.131037,82,1157.281002
1069.526517,248,1158.253755
740.938643,290,1159.389809
4552.765019,403,1160.974395
436.900416,102,1161.380892
1298.812654,334,1162.706897
-415.291477,147,1163.283818
-18.409079,9,1163.322451
-8.669275,6,1163.347561
6246.563918,1001,1167.277271
1367.561519,198,1168.061634
1103.745596,253,1169.056173
1673.308652,252,1170.04634
-730.747735,40,1170.209341
256.934225,224,1171.090718
217.507383,34,1171.22552
-702.840685,77,1171.525443
-739.841846,91,1171.882684
-831.399058,42,1172.047679
668.373513,188,1172.781827
269.889711,76,1173.078601
-833.539759,64,1173.331963
540.514343,239,1174.26868
5.042403,20,1174.347816
1125.17724,204,1175.145241
1309.932125,237,1176.078776
4404.221021,358,1177.489938
91.298151,22,1177.578728
-778.265387,49,1177.769192
-613.022687,63,1178.025044
-780.568829,53,1178.231702
782.530484,141,1178.790246
460.11061,78,1179.097344
3216.127345,467,1180.93367
24.35208,26,1181.036805
1845.273463,500,1183.020314
-21.66687,8,1183.052397
-874.381456,45,1183.233157
-578.928445,73,1183.520967
1144.865675,181,1184.280336
1171.4116,360,1185.71052
1325.492829,251,1186.704169
214.586847,91,1187.06418
413.695709,191,1187.812393
262.413834,210,1188.645712
-427.735169,250,1189.630303
984.988982,217,1190.493472
340.829572,133,1191.016184
-350.996058,121,1191.497231
2198.558686,580,1193.787964
-248.90946,205,1194.59494
439.083121,95,1194.972236
250.472316,52,1195.177441
191.431558,234,1196.098428
1313.105467,190,1196.8485
1097.741902,480,1198.741447
85.209766,16,1198.805564
142.434081,29,1198.917937
262.111521,237,1199.858174
607.197405,117,1200.3178
-509.683542,124,1200.808171
-575.947835,207,1201.625125
58.069319,274,1202.707511
276.42069,42,1202.87355
2941.701133,161,1203.507011
-815.138123,51,1203.710919
-761.592654,57,1203.933395
-326.559133,137,1204.480172
185.987802,70,1204.756449
57.109497,51,1204.955655
2348.894412,474,1206.824062
743.534353,297,1207.992417
-348.725341,100,1208.389487
240.36325,151,1208.980102
385.512076,156,1209.597764
2083.971054,297,1210.777237
328.083859,121,1211.249038
39.558187,55,1211.470572
-651.3948,80,1211.784806
840.979042,227,1212.678009
-584.642119,119,1213.15072
-786.65581,33,1213.280249
2440.293121,366,1214.734929
-289.234751,143,1215.304007
-914.082545,43,1215.473077
241.343659,121,1215.95253
-419.934858,212,1216.78704
2995.556666,482,1218.6747
-344.733317,129,1219.176502
3844.712021,605,1221.576308
1572.113829,237,1222.507612
185.673757,30,1222.62677
1005.543279,295,1223.793137
-1072.566264,48,1223.983339
920.47466,217,1224.834144
415.846942,187,1225.577227
-783.374399,94,1225.947484
658.044964,160,1226.582742
-244.448484,128,1227.087179
4046.944709,873,1230.513013
-12.582981,155,1231.110553
4094.395255,663,1233.663747
-22.844431,160,1234.27848
-35.770612,23,1234.370647
1210.849709,439,1236.053044
3206.009007,562,1238.265411
6887.279636,751,1241.200214
-7.121966,26,1241.304432
-723.40814,45,1241.477789
987.092152,179,1242.1796
75.642706,162,1242.815927
2894.043928,704,1245.587866
618.136106,135,1246.115487
3632.939223,573,1248.37659
2719.669341,428,1250.074767
900.171924,226,1250.96315
445.491639,107,1251.385416
-148.941771,389,1252.92264
24.808597,21,1253.004178
1402.287749,258,1254.021079
5828.132351,998,1257.952052
-3.422833,3,1257.967422
-16.730518,8,1257.999523
50.246351,296,1259.162418
-818.784257,51,1259.361841
1044.258468,175,1260.052027
-272.843774,140,1260.605282
345.795403,110,1261.042002
184.856633,203,1261.840727
-36.247784,18,1261.913022
4899.278957,450,1263.68615
-565.222803,184,1264.408987
563.606407,139,1264.963733
902.375797,228,1265.860624
3487.243607,655,1268.436169
1584.664619,346,1269.801259
1221.449226,330,1271.099138
1484.381947,558,1273.303569
-906.381747,79,1273.618155
130.851012,34,1273.754399
-622.889051,79,1274.063972
-691.793112,45,1274.246569
146.655563,213,1275.084692
353.819501,90,1275.442088
2886.161007,574,1277.705224
-690.368519,77,1278.011181
6588.626483,714,1280.828743
1294.29095,210,1281.659708
2323.161775,536,1283.765406
-658.023148,79,1284.074488
1141.050461,210,1284.906568
859.968723,176,1285.600643
868.010794,200,1286.38821
-362.290293,279,1287.489322
1613.974576,223,1288.369022
1784.145185,299,1289.547723
8464.099354,991,1293.445482
-25.30076,10,1293.485642
2377.907303,448,1295.243193
2001.222509,376,1296.725588
29.72603,40,1296.8836
975.413252,137,1297.4255
677.748034,431,1299.114682
1690.261875,293,1300.275656
-529.549458,235,1301.19531
202.792275,42,1301.372401
3245.717076,667,1304.001565
-191.776421,264,1305.045843
175.671192,70,1305.322987
4220.059863,642,1307.848616
459.058867,189,1308.593482
-592.144287,102,1308.994159
265.478171,68,1309.26139
1364.827276,326,1310.550191
342.432721,108,1310.974236
1289.433374,274,1312.056521
-439.529153,163,1312.700938
789.105397,130,1313.211905
527.524465,270,1314.274486
3369.590536,476,1316.147896
278.691993,46,1316.331484
-67.057002,157,1316.947559
151.751304,52,1317.152547
3183.744479,620,1319.594702
520.380315,223,1320.490358
907.772322,158,1321.112244
-585.515725,106,1321.529128
1659.229868,328,1322.819093
2702.91503,470,1324.687379
158.669393,97,1325.066508
1103.58703,351,1326.447886
2400.108353,374,1327.920867
1874.257362,276,1329.010481
1641.902611,405,1330.601374
-652.048778,51,1330.804526
1059.189614,175,1331.493912
1438.285647,370,1332.970138
5869.434632,1001,1336.952347
879.445609,227,1337.842935
855.19305,322,1339.111444
-217.363111,151,1339.73049
-689.760877,86,1340.068276
99.173189,35,1340.204883
694.065611,180,1340.9134
345.783901,230,1341.819764
460.454561,95,1342.198883
-892.939105,48,1342.388967
243.803736,242,1343.338767
3273.699753,295,1344.502471
289.953662,91,1344.864776
285.878521,312,1346.091108
1005.594875,183,1346.808618
271.493933,207,1347.629337
1967.01306,299,1348.803252
3861.510292,622,1351.233209
-821.771248,51,1351.441175
1452.352741,301,1352.613107
60.856555,27,1352.722665
-662.316038,73,1353.006742
-448.966516,108,1353.430261
855.715633,215,1354.272644
2237.686486,357,1355.674756
993.526135,248,1356.642306
1176.194965,256,1357.641865
576.633391,215,1358.482604
-0.491688,30,1358.601968
-15.40209,10,1358.642118
2029.491158,339,1359.968102
577.858944,151,1360.559141
18.594009,72,1360.841765
168.660472,79,1361.148275
170.895296,50,1361.347329
1119.681296,185,1362.073363
93.981988,154,1362.677268
3131.080935,261,1363.699907
774.002227,200,1364.480097
5653.222226,1001,1368.394941
5737.107903,925,1372.027237
418.498397,76,1372.326923
164.293357,195,1373.094239
208.167417,110,1373.526517
332.45439,47,1373.709741
186.450869,80,1374.024606
-858.203969,48,1374.214294
154.500267,37,1374.365836
547.026656,163,1375.011534
1675.561873,292,1376.163455
158.630888,29,1376.282279
1919.855648,451,1378.047171
3598.801985,332,1379.352467
1398.236956,218,1380.206044
3933.303559,547,1382.344996
1722.649402,300,1383.524453
309.079545,154,1384.125875
5518.591568,545,1386.407732
-912.648201,25,1386.529121
1999.685395,325,1388.061106
626.694025,106,1388.55242
632.316815,125,1389.055853
1430.250695,323,1390.330878
272.831493,460,1392.179589
324.869536,93,1392.55591
3962.666836,276,1393.645376
6669.733854,679,1396.484761
174.414815,46,1396.669929
-277.395093,114,1397.144
4234.961457,591,1399.557841
579.280396,200,1400.35649
493.053315,96,1400.773032
502.103734,260,1401.844194
-14.660389,200,1402.658914
152.363102,32,1402.789268
-26.576792,16,1402.854283
2004.943231,401,1404.446551
646.236518,92,1404.811582
2880.895703,474,1406.712432
-69.175447,188,1407.588234
1010.386664,201,1408.49963
723.408821,138,1409.112311
3760.14478,664,1412.090833
641.357293,245,1413.114372
96.02882,92,1413.531656
275.128199,55,1413.760779
1275.797971,374,1415.48901
589.110179,272,1416.669057
224.361028,184,1417.532863
655.283029,116,1418.152112
-689.021827,64,1418.510623
1013.251078,152,1419.160881
1009.885834,202,1419.964751
-451.410897,136,1420.50582
2605.287102,431,1422.308148
-2.560901,16,1422.371523
172.83377,80,1422.710321
2379.714778,364,1424.236939
67.64612,38,1424.401809
415.024574,123,1424.892209
428.932673,166,1425.570562
1000.130263,230,1426.524884
4275.754764,976,1430.735124
178.625865,25,1430.831849
3864.438524,691,1433.994474
170.208695,42,1434.160881
-630.048671,73,1434.447667
206.113265,50,1434.647449
-661.823087,94,1435.016886
325.422244,51,1435.221651
1806.438593,316,1436.468255
4073.508188,674,1439.172263
-23.889949,11,1439.214701
