#{"t_start": 1607899631.581736, "env_id": "Block-v4"}
r,l,t
187.309054,40,0.067125
5513.742747,652,0.964511
353.781651,62,1.046953
1855.465508,246,1.381711
2800.78966,366,1.898038
1873.270558,388,2.419768
-112.14816,137,2.608929
796.141881,85,2.722873
214.443056,25,2.760453
-458.84294,110,2.918765
497.972841,67,3.007963
-44.566345,180,3.254704
5552.739264,406,3.801488
-343.493717,109,3.955313
563.204095,78,4.059484
276.890752,51,4.131863
1935.676659,392,4.674484
661.734742,70,4.767538
338.731237,39,4.82037
390.051035,68,4.911022
3618.273159,432,5.502077
-26.37454,159,5.725821
1412.164974,329,6.169103
1855.384856,226,6.478724
4640.95923,284,6.867382
-4.23823,3,6.872987
-281.942575,134,7.060841
3174.180297,423,7.629603
-606.939952,69,7.721408
-717.863668,66,7.817824
2424.677834,309,8.242657
4051.871106,667,9.152393
1310.871119,328,9.595316
58.675411,6,9.610284
380.369351,216,9.906144
9.185692,8,9.917554
363.033282,189,10.170295
4557.995487,588,10.980783
1422.70372,190,11.242428
-87.386893,142,11.432436
-902.331633,47,11.495562
1432.651812,339,11.973625
-345.272293,104,12.11441
-745.000271,71,12.212382
54.04866,13,12.230136
-556.960363,81,12.347545
51.783188,14,12.372231
8463.848002,756,13.569256
2258.348983,239,13.962232
62.429008,6,13.974863
6319.164817,937,15.405169
458.48972,64,15.505943
462.880758,66,15.594602
7453.035079,935,16.894296
-561.140635,73,17.000608
3950.426303,474,17.662386
1361.027722,181,17.905935
91.914483,167,18.141908
677.006322,106,18.294708
1404.572775,327,18.765991
39.886351,151,18.972331
3717.777236,462,19.627852
434.69897,43,19.686692
100.654128,18,19.719133
1165.884992,167,19.964898
2719.452567,520,20.691498
2181.831509,272,21.065285
284.61154,42,21.128964
8280.271797,1001,22.900798
1164.186499,143,23.174234
6677.766719,858,24.389641
566.494131,102,24.528553
821.720268,251,24.920812
1791.498012,373,25.442371
-519.432691,94,25.569346
1299.939935,181,25.830526
4400.843103,735,26.845636
1970.283211,266,27.221726
688.854297,92,27.351832
974.724989,112,27.510608
228.239815,48,27.57569
1450.79492,372,28.080912
2928.399535,377,28.621615
818.152828,98,28.760746
-259.212602,132,28.950582
356.950278,52,29.021495
-606.896119,88,29.140126
914.665468,280,29.530079
3136.90754,351,30.030152
-40.448656,24,30.067126
-675.140778,62,30.150547
5437.157478,378,30.670693
3303.62182,401,31.224163
1038.153585,136,31.431521
-598.669917,65,31.520847
-648.373988,64,31.608975
7200.925168,872,32.812575
7972.722157,1001,34.22905
-2.182662,7,34.240159
364.576494,58,34.331401
-391.549936,102,34.469485
1023.024223,154,34.683364
5294.518962,372,35.187226
-419.737866,96,35.317537
540.157728,72,35.422583
920.520631,137,35.621334
17.44116,3,35.626124
296.332329,215,35.924553
261.152376,200,36.200397
1426.99176,154,36.456134
3551.64176,432,37.082602
2830.656897,348,37.577295
5315.096463,653,38.479256
131.498714,30,38.521629
242.609854,36,38.571386
1034.747992,281,38.96814
3682.470794,619,39.836507
184.6482,35,39.899431
1877.898463,230,40.217121
4469.515455,565,40.986803
833.696595,100,41.124174
-843.678386,46,41.195001
453.211227,60,41.285978
601.44843,234,41.60671
7316.939493,605,42.444029
1365.910043,162,42.678799
220.142891,184,42.933857
4678.511459,793,44.026213
114.269728,24,44.0657
1019.041482,133,44.248556
6820.912069,868,45.467397
-74.013882,151,45.670614
6756.033171,850,46.8469
7951.432452,705,47.804935
1895.86876,226,48.117444
485.661099,70,48.223016
3428.728695,448,48.841985
659.231179,248,49.19198
2653.740303,305,49.627609
-819.590752,48,49.70502
-779.379621,53,49.775903
31.363066,156,49.990413
-8.636786,7,50.001148
2705.518394,298,50.433501
3776.85401,439,51.046723
-715.982707,54,51.119625
-106.938613,155,51.339746
81.295175,162,51.565523
2346.009991,306,51.982754
-96.812787,155,52.1981
292.128482,38,52.249622
398.45498,72,52.345709
18.550435,11,52.36121
452.442289,48,52.436133
-771.039909,53,52.508257
6417.131402,776,53.572468
-389.548383,109,53.72735
504.048101,63,53.821249
5675.90045,871,55.033972
-885.89168,58,55.119481
284.910558,72,55.22773
1008.143864,129,55.400722
1475.367909,202,55.683488
3699.420034,451,56.596774
1442.376514,219,56.991935
1248.294519,311,57.438634
2505.060042,325,57.879018
1015.765885,118,58.044975
-238.426283,120,58.205717
1064.0445,127,58.408926
6651.494267,836,59.815393
1172.910903,165,60.172982
2328.916127,295,60.737847
2332.240487,275,61.16899
82.063339,158,61.394395
353.8064,198,61.711612
482.788452,75,61.849418
-499.906503,87,62.003276
1890.279396,395,62.930119
809.786622,93,63.111635
3525.686412,426,63.99751
64.83422,14,64.023885
409.677251,79,64.171763
4681.3455,727,65.757205
1192.91315,181,66.072599
-791.172062,53,66.192288
-265.836943,122,66.443839
-388.514821,110,66.651233
549.429924,223,67.023415
1121.786759,150,67.325294
2889.163421,343,67.981487
7984.755609,1001,69.859201
2241.722131,273,70.385911
975.835426,297,71.028915
208.644131,211,71.411451
4028.169839,199,71.772325
246.313469,21,71.800738
-747.64147,58,71.904266
420.682572,224,72.327943
17.30892,19,72.376231
-723.010998,72,72.510855
3972.955743,472,73.422901
248.438339,55,73.527608
686.860137,101,73.703148
-749.207103,49,73.804796
9436.511859,937,75.478211
79.902347,15,75.508262
4046.95016,537,76.510589
3882.487096,464,77.220776
1081.198124,304,77.637475
-362.669907,112,77.795071
4643.585917,585,78.599397
1366.761906,333,79.049939
44.151214,165,79.280803
148.911458,18,79.3055
-239.909586,106,79.448976
3060.011418,379,80.052513
8233.931377,1001,81.510195
443.193603,69,81.613703
3153.96539,579,82.519652
2451.596355,353,83.109315
7645.00866,1001,84.514267
7753.241617,975,85.953118
184.085067,26,85.988687
1015.659246,128,86.168022
6933.831096,873,87.5494
-129.227359,151,87.760421
2517.540216,311,88.218016
1892.883318,420,88.803646
951.544531,119,88.971991
39.026178,9,88.985384
334.034474,61,89.087849
333.07272,52,89.248281
6748.133521,559,90.33937
2731.356235,320,90.788132
-660.225555,78,90.892783
-700.122898,72,90.996343
5106.741407,779,92.073214
544.897913,60,92.157359
67.118237,12,92.173822
112.295137,27,92.21224
731.632269,107,92.362798
1802.680886,375,92.871466
3776.230732,492,93.558787
5668.321888,670,94.48617
2843.449985,331,94.93492
4015.564381,522,95.641573
3676.638964,479,96.318319
425.452406,74,96.453704
1723.889957,425,97.152259
-494.286512,99,97.289247
-19.619079,164,97.517399
2012.248217,239,97.849937
8059.690898,1001,99.259498
919.435572,100,99.393656
1618.281664,221,99.699059
1610.512855,370,100.210405
433.752762,54,100.28441
2172.90979,256,100.636459
4909.53236,754,101.671264
-450.193704,98,101.810071
-741.668039,56,101.886055
223.860623,54,101.962937
169.672491,39,102.016818
327.419462,197,102.28817
-23.820312,156,102.504672
1943.17962,265,102.864165
3303.204512,383,103.390707
163.279754,177,103.632595
-163.379547,129,103.803793
5841.199913,695,104.758758
-661.609257,69,104.851449
-596.762404,90,104.978613
800.439355,257,105.336667
651.41141,256,105.779199
-236.057351,107,105.922532
-299.991952,124,106.098972
732.274049,98,106.236827
1098.619887,162,106.460166
-467.607766,103,106.598869
6235.883666,529,107.317857
1501.825067,207,107.605881
1156.388809,135,107.793248
1668.492552,195,108.053647
2390.363961,261,108.411259
2996.43551,410,108.976628
1411.662485,342,109.44153
3800.654153,456,110.121199
97.414268,24,110.154055
54.088801,11,110.169449
-511.375552,83,110.293844
711.483472,85,110.433208
2664.128315,305,110.925087
243.756584,182,111.177241
4160.950463,514,111.895567
3397.441858,506,112.651815
-97.784657,142,112.879923
-73.217132,154,113.117944
-125.537827,132,113.301348
389.665744,67,113.420031
4615.878818,556,114.317762
3476.95664,445,114.935578
8095.989678,979,116.380989
132.389496,22,116.415069
1433.930119,185,116.696647
6534.885395,816,118.121769
-51.967402,156,118.41409
516.598478,228,118.889471
494.299388,210,119.270839
3454.534355,407,120.059613
5571.653442,692,121.388246
-280.882954,125,121.626385
817.935577,115,121.841513
540.074792,69,121.980979
-829.453542,54,122.097323
-864.368111,56,122.209352
197.892226,26,122.245332
417.688167,217,122.553189
270.210804,52,122.628083
4840.896815,596,123.498498
-788.77685,66,123.616446
4333.770249,518,124.471747
3486.909279,417,125.069626
-753.237864,64,125.155547
3258.164436,398,125.721557
1921.269258,402,126.271298
1121.131418,137,126.470317
943.281545,280,126.854997
7955.068766,697,127.998461
273.147673,24,128.041348
1041.979712,295,128.703357
5756.044495,706,130.141655
-396.075,102,130.283227
6695.508121,855,131.661298
313.414747,44,131.742143
5953.696515,440,132.354038
-408.471023,101,132.519977
3523.281969,460,133.296634
7991.776001,1001,135.073788
-711.363002,64,135.169887
-858.435777,50,135.239234
7850.054762,706,136.508034
1064.357955,152,136.798091
183.269148,29,136.842095
-654.784063,78,136.954793
1428.769641,319,137.478555
5151.229649,604,138.585243
376.894007,221,138.988214
1722.339547,254,139.465925
4159.145732,526,140.659612
-442.835713,87,140.823206
1215.463401,130,141.024193
-206.475156,119,141.315753
-269.211375,130,141.557466
5771.302481,421,142.328116
1048.014198,114,142.502037
5088.880846,645,143.431108
-276.901927,123,143.620482
1888.008606,233,143.974578
-688.683814,68,144.079439
3549.354068,430,144.8225
944.847611,116,145.050616
2983.021003,387,145.73518
-724.858839,49,145.809615
531.391203,212,146.164773
3653.767587,485,147.106057
2363.558651,255,147.562019
2489.918596,485,148.236788
4128.970604,516,148.950619
-545.704161,90,149.072334
-132.991814,135,149.271688
1862.022832,240,149.603354
1315.29834,169,149.838497
3211.799344,367,150.354727
-896.147302,37,150.413968
2505.910485,342,150.882069
5231.280265,622,151.74503
3933.895272,637,152.619958
876.831466,126,152.794715
291.693583,51,152.863116
1296.563493,187,153.12326
4614.919618,270,153.493642
6150.670256,731,154.491803
1081.156132,109,154.643675
861.208102,117,154.798105
-10.566289,153,155.013721
4816.979953,622,156.114327
-512.133918,97,156.291662
7089.223271,904,157.888872
2105.362386,283,158.343622
4822.165871,304,158.880036
3363.267696,414,159.708968
4392.344527,563,160.532933
-563.314389,89,160.688314
93.25663,173,160.976823
399.302515,64,161.074526
850.142197,112,161.234016
1991.114032,410,161.818182
4617.2348,591,162.661583
2607.180648,287,163.061389
4671.464955,593,163.891829
-692.54656,74,164.017139
361.02712,47,164.081811
795.108692,130,164.263153
53.276547,31,164.313307
7742.928855,657,165.361773
297.142656,40,165.422363
-686.090033,68,165.550155
427.451103,75,165.714587
3954.667999,222,166.175403
6102.171181,779,167.581323
583.540113,225,167.968944
-245.142486,147,168.227528
5499.941111,422,169.081644
1603.686412,207,169.483787
8083.416028,1001,171.249929
5083.37452,802,172.792901
-754.802611,59,172.893736
1126.762052,140,173.200833
-182.500661,147,173.521454
-26.107281,146,173.821082
507.238528,217,174.34725
3940.131986,491,175.290184
5264.801911,365,175.992857
826.606137,248,176.519619
3219.545436,388,177.1987
-634.659946,82,177.345948
7527.828637,631,178.505384
1127.646656,152,178.837996
-293.464919,116,179.113751
127.27825,20,179.153898
381.380323,51,179.262203
2344.108638,294,179.84434
5263.387378,656,181.022445
1056.488638,297,181.529796
-474.415149,100,181.70859
32.53561,209,182.062717
1704.188669,375,182.723539
77.696876,20,182.756225
1461.33604,236,183.153545
-720.573546,77,183.281514
811.647809,108,183.468174
2014.818181,392,184.123713
-844.291975,54,184.21393
975.874005,134,184.453536
347.25571,203,184.795575
-198.904885,117,184.98814
5601.471763,681,186.15311
6649.659801,551,187.081097
1076.870548,297,187.605985
1172.478546,153,187.888262
1253.05345,353,188.531587
5227.245019,648,189.660746
-559.956502,73,189.790354
-716.580767,64,189.933302
-810.076406,52,190.048902
-643.746976,69,190.227908
6305.791454,743,191.603613
2400.495226,443,192.347866
981.181561,277,192.814198
208.503229,168,193.104914
-616.648437,81,193.240687
118.326124,32,193.294036
6773.983334,790,194.645057
-432.183794,102,194.819409
770.309312,109,195.000532
898.868625,255,195.477381
3207.643783,560,196.438344
1242.604738,186,196.752652
7926.194462,1001,198.451322
218.897407,61,198.553117
2083.745809,451,199.323622
3903.43093,489,200.270085
2180.453121,249,200.690886
-391.258539,102,200.859198
4448.205568,250,201.303199
1162.069325,319,201.868233
555.281185,81,202.011261
6036.082771,759,203.328597
211.016263,194,203.686287
-860.246008,36,203.745885
83.869152,12,203.765752
626.965396,229,204.157338
-603.311393,83,204.307321
1409.131692,198,204.651369
2302.522105,423,205.377522
705.438219,68,205.493091
6803.207029,552,206.438944
-356.754461,97,206.604522
885.667666,272,207.072032
662.168307,80,207.214447
-43.144213,153,207.466832
68.969225,13,207.488295
3685.762162,609,208.607386
894.428748,103,208.793
820.878665,123,209.005057
4196.546592,565,209.961935
103.648246,156,210.228276
-634.778195,73,210.36819
1487.776369,207,210.73852
4013.492855,644,211.839961
-425.051008,102,212.007819
257.425496,188,212.330112
308.439726,67,212.451237
8338.712155,1001,214.25923
5317.716202,674,215.390925
905.193985,123,215.594308
1513.821643,204,215.947252
936.902284,127,216.17442
1387.676877,186,216.499165
1492.071369,208,216.862888
356.436245,198,217.203037
2312.032787,282,217.691182
435.781782,202,218.037616
6566.181003,799,219.426694
5283.454793,674,220.667972
-690.090876,67,220.779979
1865.225398,260,221.234501
8242.401359,1001,223.469077
22.444633,14,223.492937
-461.439628,93,223.650448
2803.645931,350,224.245092
26.296386,165,224.518462
-624.82449,65,224.635664
2194.608992,314,225.17517
4426.917016,551,226.166143
305.822107,193,226.497135
2273.508122,257,226.980364
7971.841267,1001,229.096156
1818.517384,261,229.571281
-389.435866,110,229.781699
673.279708,239,230.321073
2905.652963,391,231.162502
6395.57093,498,232.063701
-819.373741,45,232.145647
42.472864,172,232.446821
2107.822097,238,232.893782
322.900377,48,232.974767
-595.315294,83,233.123407
7259.216663,918,235.022103
1510.248453,185,235.336807
6720.433096,816,236.774177
8270.271861,1001,238.56108
-746.910805,51,238.648494
606.654105,99,238.824051
433.373027,219,239.249968
-263.341731,112,239.443558
829.102824,269,239.927697
1841.18632,251,240.41021
142.494024,29,240.464153
467.175869,223,240.821321
-512.872066,101,241.012459
216.774301,37,241.098085
4427.359035,536,242.184427
631.624745,75,242.338434
-649.381419,77,242.490028
-427.465273,100,242.703767
5966.314593,705,244.402169
-531.834271,84,244.559172
251.001865,35,244.624646
4994.731763,769,245.933284
177.801125,172,246.233295
374.134913,60,246.331757
3358.191823,561,247.278991
3814.256848,440,248.040344
-739.116122,49,248.13338
782.504758,256,248.563541
4168.937633,226,248.942848
3616.544275,470,249.744208
-130.292781,145,249.98542
3622.861131,420,250.71069
421.617583,213,251.083311
1608.677551,223,251.469572
147.14955,173,251.7554
1124.552609,327,252.350325
-494.980697,89,252.508008
572.965828,73,252.642443
2721.399612,339,253.276409
3984.63478,509,254.151897
3843.484861,492,255.018762
7112.724365,863,256.247576
-560.064581,92,256.380008
306.450217,46,256.450202
175.14095,173,256.720357
167.491391,42,256.785455
2104.33268,417,257.43575
2778.79561,369,257.952674
5866.346021,703,258.940763
400.065011,221,259.255194
449.530485,77,259.360676
770.054594,110,259.518828
2451.661233,324,259.989182
797.629758,262,260.393377
-105.13644,131,260.582248
1373.784983,174,260.832086
-391.223765,109,260.989861
-831.7208,47,261.06248
6905.805041,845,262.245613
510.45841,219,262.556166
2630.785351,512,263.266371
1018.149954,147,263.471738
943.468576,123,263.647977
3935.0679,648,264.550907
2470.795207,353,265.082325
5522.533882,655,265.984716
2306.624556,320,266.439057
172.666245,26,266.47446
-564.060596,76,266.579154
295.305703,187,266.839439
6026.845581,738,267.864171
7547.964394,1001,269.249359
-502.179749,97,269.386264
2002.244541,267,269.751046
987.126132,310,270.178027
2652.214521,327,270.634505
3482.782977,610,271.475211
3246.030767,391,272.014011
-835.371793,44,272.073816
-685.246727,72,272.179286
-867.542472,51,272.250123
596.403165,227,272.564302
5008.285301,607,273.429494
1897.013164,211,273.73567
6416.51872,790,274.85035
8562.518786,1001,276.24314
6374.790411,769,277.296492
1758.41654,232,277.625357
2122.073015,405,278.193135
753.273991,254,278.539261
2876.424568,342,279.009666
-880.583186,26,279.044946
385.339394,198,279.325486
-513.475002,83,279.437599
3551.428998,424,280.027168
2252.964828,270,280.421755
-486.18441,83,280.54948
716.038072,99,280.716118
1813.072044,370,281.395813
3477.554037,449,282.09812
3070.156714,403,282.719625
1511.228356,339,283.304926
-272.202985,112,283.484415
949.597521,147,283.692578
-539.724788,94,283.821239
7331.76519,658,284.80386
1882.379443,249,285.237519
1020.167456,284,285.679462
6.205423,161,285.899771
-84.385105,141,286.104038
3537.374732,415,286.690916
-470.89846,81,286.838997
1638.736876,375,287.444735
2979.133264,537,288.324473
43.628236,8,288.34173
88.492238,162,288.615119
-759.818487,61,288.714014
6646.721369,778,289.994485
2172.663278,423,290.671869
482.477848,242,291.079839
2603.176955,336,291.654705
608.249734,231,292.033391
-521.63722,95,292.184192
298.138943,79,292.314938
2909.213045,360,292.88202
1935.751124,236,293.257863
-767.94849,59,293.349663
-39.488589,169,293.614279
-650.952381,74,293.728925
5518.062123,699,294.914842
-774.983321,53,294.995762
7599.969233,644,295.988851
2627.044497,304,296.417503
5253.195178,816,297.560983
-892.54892,45,297.627856
911.91586,140,297.835228
-639.383912,82,297.946528
4363.390336,534,298.685106
3048.082359,385,299.228036
-641.066225,67,299.318803
7594.948898,934,300.762331
442.855016,50,300.832552
2019.389978,270,301.251918
-376.506897,99,301.401628
4574.921966,582,302.236191
-320.742473,135,302.417981
-799.065508,57,302.495461
1160.429032,174,302.741004
-290.810822,121,302.904673
-809.171583,44,302.974195
342.357804,177,303.215274
-210.584544,119,303.388504
1264.289716,174,303.624773
-397.479733,97,303.775453
-977.178836,35,303.824539
-910.929233,44,303.884354
2030.526124,259,304.247294
1259.281891,308,304.670884
2111.192448,258,305.03387
8092.349672,742,306.070763
-218.944373,121,306.249934
1144.78904,138,306.436576
2143.88185,234,306.761187
-752.940781,68,306.85306
1777.985331,246,307.19356
3601.697996,453,307.831633
2626.199967,348,308.317452
-1038.485115,28,308.355343
-521.34816,95,308.489656
-786.867911,61,308.594059
-377.942192,89,308.730754
3167.590544,380,309.277728
418.557219,55,309.361696
433.125645,200,309.679632
874.247634,123,309.899883
803.239706,106,310.077801
4201.054094,517,310.866574
3013.643836,378,311.395813
1271.49659,147,311.605441
181.559599,36,311.663142
-778.335608,67,311.7813
-807.756591,55,311.880469
1155.306458,140,312.105177
1289.816183,178,312.406154
5718.288487,445,313.173687
-484.915825,86,313.318874
3514.184447,470,314.098284
-443.870348,92,314.247799
-381.648693,115,314.444194
499.017514,60,314.538691
-97.401655,160,314.787459
-631.712519,72,314.914045
-636.924442,82,315.047273
-798.624325,53,315.128633
2557.412131,334,315.721973
119.770894,33,315.778184
5296.681055,660,316.895951
2786.324361,341,317.453577
360.219041,206,317.769329
-656.811216,72,317.889127
6021.478163,723,319.081314
5445.98477,685,320.138545
-33.085054,157,320.374254
1246.807299,159,320.593308
6839.401629,877,321.978888
1067.50196,124,322.148004
475.076638,67,322.250767
5541.838404,699,323.328999
1809.130209,235,323.734629
-534.075356,88,323.894462
5193.953814,651,324.999364
1716.304255,262,325.447667
4574.749704,264,325.859598
2981.155,561,326.814888
-722.722865,50,326.912721
822.234911,126,327.132279
977.618423,293,327.622705
5623.517057,708,328.833776
-422.351912,106,329.003766
133.819088,18,329.030714
7027.280774,877,330.33178
8745.667406,768,331.409363
2027.999307,233,331.750337
1577.451356,346,332.304917
-117.607882,156,332.584672
4121.81506,499,333.399227
6420.26577,490,334.09732
-167.44236,128,334.2786
41.579933,158,334.521203
1743.186164,225,334.837941
-624.472486,78,334.943678
-368.287405,111,335.092689
3649.564134,606,335.93522
524.666145,62,336.018555
815.73492,144,336.220678
8895.261661,792,337.405206
811.841507,90,337.551051
809.854273,119,337.719057
2798.773724,498,338.414627
3935.733083,503,339.113916
1633.561246,346,339.599461
1026.798761,136,339.782144
-512.843172,79,339.897085
3713.368362,440,340.509723
5352.399668,384,341.042005
1033.509911,132,341.220945
-446.483902,93,341.354374
3274.858345,392,341.894294
-227.785847,133,342.079276
3838.960059,465,342.721339
1587.353509,379,343.243231
118.595143,24,343.276055
4814.600827,557,344.038734
209.362779,199,344.31321
1939.309132,245,344.654834
8149.662058,1001,346.035234
8324.462441,1001,347.412763
6001.411525,711,348.388905
-817.085488,52,348.462767
1919.556242,238,348.794407
-807.541714,58,348.873652
1673.194472,383,349.399187
4360.718513,511,350.109289
363.076235,49,350.184744
1102.135146,142,350.37904
4867.592647,325,350.853185
669.069451,249,351.196043
2372.974722,285,351.609237
6855.890487,579,352.403942
1806.156381,384,352.929828
242.870288,38,352.981783
479.406688,218,353.282666
6016.522745,783,354.361212
8368.323593,1001,355.739436
2417.707043,332,356.201481
808.136732,132,356.379388
978.145534,138,356.571333
1304.415213,307,356.99834
926.000673,92,357.14755
422.139957,79,357.279946
1424.507243,311,357.794285
4915.29042,611,358.638057
4061.198649,496,359.384225
4199.619371,505,360.185969
7465.102463,898,361.446535
462.421836,73,361.545107
-957.111521,21,361.574199
72.805159,9,361.586761
7907.462171,1001,362.971103
5188.742279,355,363.461935
-308.767723,130,363.644747
4065.798155,516,364.441012
281.960032,45,364.515786
72.026724,165,364.794169
3536.246528,458,365.429466
2511.035581,333,365.906434
7872.786494,1001,367.428932
3530.547811,442,368.119682
13.196196,8,368.133775
2412.73106,479,368.866106
388.854178,72,368.964261
5313.764963,637,369.890588
2951.293945,364,370.492726
286.588572,34,370.546394
1108.717097,292,371.003495
-763.295181,54,371.091945
4982.009959,621,372.012863
1452.348915,312,372.450596
135.855893,25,372.4852
1108.342863,138,372.675238
2050.471314,438,373.29203
626.215004,88,373.411777
1910.856426,423,374.00274
4861.0428,578,374.802088
-9.675457,8,374.813481
36.56604,10,374.82743
-385.01034,105,374.977212
7313.564864,878,376.328497
8383.170791,1001,377.71734
429.213547,222,378.02322
6147.650448,779,379.106112
1037.949809,285,379.500308
5776.100811,716,380.508924
-816.249267,42,380.565751
7415.862883,959,381.886941
1038.463566,117,382.04344
493.713184,72,382.140078
1561.395243,201,382.420748
-525.737378,80,382.52949
4253.278533,531,383.272248
4474.146428,696,384.227853
2211.754837,305,384.651701
2379.569075,465,385.292313
4752.754864,296,385.700699
1765.146467,240,386.029032
8368.740523,1001,387.431177
4988.375987,764,388.483719
1649.306342,237,388.842363
5844.108729,456,389.593029
991.217381,157,389.812996
491.073696,77,389.91745
2129.489011,311,390.360197
7805.562562,1001,391.863213
-485.196121,99,392.020931
-495.914823,99,392.187431
46.919624,9,392.203654
883.29372,292,392.655906
4981.994523,324,393.104397
1456.715049,178,393.35519
4763.26022,749,394.417574
319.938476,192,394.752989
357.149664,60,394.851457
541.702528,210,395.174065
132.215303,156,395.390244
-676.545633,63,395.483374
-442.645325,81,395.593185
4214.858892,237,395.920768
1928.860068,254,396.328856
-694.726679,78,396.458497
-73.97354,143,396.707937
-409.839518,106,396.892138
5520.657156,674,397.868207
-125.866279,143,398.061181
8.864025,157,398.281438
260.871742,32,398.325065
220.335763,188,398.584963
-12.353807,158,398.798661
2596.637813,323,399.255703
5694.742077,856,400.570734
-868.206514,43,400.629266
624.593296,102,400.770656
-15.655506,157,400.989165
3304.383607,578,401.895035
2386.992626,266,402.307223
2575.527058,304,402.758748
4788.033508,336,403.231453
3130.075354,361,403.746133
91.177827,159,403.969491
-565.250774,100,404.104834
1801.252552,365,404.624104
2741.939658,377,405.247877
-838.023746,50,405.334089
-26.937258,7,405.346431
2144.637336,417,406.032553
293.648551,48,406.106591
-723.909712,70,406.226354
3119.860376,409,406.893397
-460.030054,97,407.063358
2153.281206,284,407.559708
1768.835154,379,408.191714
1640.093474,241,408.582246
7956.28732,1001,410.252018
2200.476894,412,410.955476
4941.559431,589,411.780554
1593.645783,356,412.272959
466.23958,211,412.565566
4764.648867,309,413.086837
937.31887,125,413.301405
1147.203478,339,413.85803
1045.421194,294,414.323408
82.513565,179,414.579856
1836.3266,189,414.844633
-762.736521,60,414.92613
7533.074472,941,416.465296
-366.900672,106,416.643089
3958.084161,470,417.447439
1695.741218,389,418.005313
307.274541,36,418.079358
5902.388023,742,419.1168
1656.765248,259,419.518144
2274.493786,438,420.221904
-731.046313,66,420.314285
4143.961383,497,421.075076
341.707221,54,421.172851
-670.149523,68,421.286851
-617.843515,78,421.414484
6494.178243,801,422.534503
3366.877384,597,423.4625
460.077871,58,423.565588
2877.384898,346,424.123465
6029.122375,899,425.49315
754.9365,102,425.65611
-275.548368,118,425.855479
-72.096584,154,426.10899
1722.949892,217,426.467965
3733.175346,512,427.180732
8269.112698,1001,428.635375
8283.693096,1001,430.246021
8451.593481,1001,431.803901
501.368081,71,431.922284
5099.905683,336,432.424074
252.459907,180,432.694819
222.854533,46,432.777998
-644.086808,86,432.93087
2174.572062,282,433.405573
3166.107849,390,433.960187
2766.16371,373,434.52338
644.070598,73,434.646982
1289.319875,165,434.931196
4590.091871,722,436.109805
989.651111,127,436.301913
-316.867765,132,436.482407
187.968082,20,436.509907
5095.567385,783,437.652093
1846.639868,218,437.963712
8174.388996,1001,439.521744
5008.208059,784,440.735559
344.726961,41,440.8008
1548.059831,176,441.101784
-848.858788,36,441.161963
-461.726525,88,441.317123
5202.481507,624,442.256712
2054.354501,253,442.605393
3349.772981,477,443.321821
591.069061,221,443.68807
-745.538378,58,443.787641
531.026792,214,444.11623
215.576542,31,444.159851
-773.797681,57,444.24542
727.162708,92,444.386213
71.306646,24,444.419736
-966.601808,24,444.454207
-469.827489,110,444.610123
2259.968144,318,445.124032
2934.665295,376,445.760363
-341.568653,120,445.954228
4547.532892,271,446.385056
-810.56915,51,446.462728
-538.482628,83,446.57517
3645.453221,476,447.321628
4922.939858,752,448.564872
1357.962029,172,448.798492
-616.349072,72,448.903982
43.143688,5,448.911103
998.175777,268,449.358225
-325.625849,125,449.562919
5081.848587,608,450.560957
-179.850323,128,450.734043
5612.795393,680,451.795529
1485.877712,193,452.06516
470.614134,215,452.356002
3904.294511,503,453.126724
2221.17002,283,453.608581
2910.152019,370,454.175535
626.080596,223,454.518716
999.7667,146,454.720004
2002.51555,262,455.08023
3361.527427,566,455.898333
3527.162666,435,456.495514
632.492865,65,456.59082
610.285948,91,456.713945
1814.082992,402,457.263122
3363.527111,443,457.99428
1198.684717,170,458.23629
1083.016469,126,458.407656
5601.429036,705,459.380842
8204.920012,1001,460.763459
743.788175,82,460.872972
7194.324923,919,462.133651
-713.027033,53,462.206089
7764.25616,948,463.499344
1059.851489,280,463.880129
3299.752197,563,464.651428
1118.075832,158,464.870977
-232.978884,130,465.043874
313.690176,196,465.313159
5467.126398,675,466.242437
8216.697623,1001,467.609301
7920.748931,1001,468.975299
8212.993993,1001,470.353005
1321.285174,319,470.795496
5484.262848,682,471.725748
552.709181,248,472.063649
669.723611,91,472.194466
545.098063,254,472.538195
1854.267804,282,472.924092
913.34641,126,473.091097
31.274669,7,473.100955
3342.735523,429,473.690377
4610.223773,565,474.463244
2017.220494,226,474.7709
6442.834882,775,475.833354
7957.732356,1001,477.370705
834.110021,251,477.715299
-850.14207,43,477.773334
-693.604041,71,477.869249
1032.421915,287,478.260986
-276.222499,120,478.432221
-748.949934,58,478.510211
1426.08694,171,478.746129
3580.722949,609,479.694135
3241.552716,392,480.259946
2946.807828,509,480.958031
2102.712046,409,481.520938
566.481168,83,481.639954
4981.032927,809,482.746813
-380.476203,106,482.888739
555.267117,86,483.011425
409.082581,73,483.109825
412.915562,65,483.198464
5582.218651,669,484.27861
1611.83879,194,484.540241
4375.147118,705,485.507511
-734.506919,63,485.591876
1754.645375,233,485.916942
9642.828344,894,487.286706
759.987376,107,487.445925
-753.268806,64,487.559053
-676.032077,79,487.687939
796.429141,121,487.882745
6129.441892,737,488.955031
6779.226601,847,490.173065
946.882186,154,490.421239
-610.471176,71,490.540341
6877.975886,930,491.845829
4525.744012,747,492.871524
681.124868,234,493.191972
120.30921,20,493.220831
759.915883,236,493.545283
1218.177508,179,493.792052
1297.541986,187,494.040772
-861.21677,43,494.099303
-249.448054,131,494.288922
1584.529271,225,494.596148
-275.72748,134,494.77561
7062.367775,867,495.967766
2689.419256,502,496.650359
-345.943969,115,496.809527
-232.013711,125,496.988257
1728.705383,228,497.3018
248.436325,31,497.343277
163.376958,46,497.405514
6018.498522,763,498.450629
73.631104,12,498.467281
1255.922832,180,498.716566
3674.2502,459,499.334925
543.468105,91,499.464243
-586.239945,74,499.563618
2789.561534,377,500.078075
8117.706019,1001,501.454659
5639.515258,867,502.641173
-333.192539,123,502.806225
109.983308,11,502.82125
4321.021727,553,503.581108
-14.850441,142,503.78232
2412.399425,306,504.200957
6844.258042,540,504.936729
3590.118679,461,505.574614
1160.333176,293,505.973924
472.942317,215,506.271565
-744.742252,64,506.357203
128.050824,20,506.384378
3448.787027,409,506.948915
-10.816225,166,507.177723
1222.702173,160,507.392787
5008.603396,675,508.316721
1116.70118,131,508.492481
-400.771876,105,508.639864
8215.225621,713,509.618268
337.503646,52,509.687911
8051.887936,946,510.992724
543.6221,52,511.062527
-5.167391,3,511.067254
6296.379099,755,512.102308
-459.669522,94,512.230989
298.43242,56,512.305972
466.755272,96,512.440924
-491.352796,104,512.579488
-401.482694,100,512.712168
-874.340734,44,512.778798
7295.327707,606,513.606959
1049.821057,147,513.810834
3231.514428,557,514.571018
516.030713,89,514.690359
152.059964,24,514.727677
1320.201669,194,514.991711
832.23652,137,515.173162
2337.833927,471,515.813429
839.859713,252,516.159003
-578.358553,82,516.278226
1545.994651,196,516.53862
8365.756918,1001,517.909424
8605.021603,1001,519.285466
921.319888,271,519.65559
6084.09329,730,520.663488
-474.761652,83,520.775741
304.272716,60,520.863291
-669.394184,76,520.965211
1726.793223,376,521.473004
1671.770651,235,521.798991
-892.310936,39,521.859417
783.307304,132,522.034874
765.469795,105,522.17489
7102.540524,896,523.405256
-266.988787,113,523.556218
2406.033124,314,523.989579
-652.039684,69,524.081409
3954.478884,505,524.77806
3812.003627,450,525.393804
419.233322,193,525.650591
994.120238,163,525.880207
1244.472742,195,526.145294
465.96501,66,526.234755
1382.769002,190,526.494546
122.97274,166,526.715556
-294.148444,132,526.899657
3766.405865,447,527.517398
415.423178,206,527.791904
5629.271173,707,528.770323
444.698782,88,528.896318
965.529486,274,529.274539
463.76084,216,529.571756
4206.376285,511,530.270902
-817.252461,50,530.346118
1070.796297,280,530.729567
60.103741,157,530.939863
3930.00974,514,531.647526
255.258081,174,531.887616
6852.881557,827,533.026925
395.878279,62,533.117552
3349.228726,433,533.702253
-886.131381,24,533.734481
-162.494986,158,533.957645
814.6958,98,534.087646
1633.054263,226,534.398137
5565.210232,834,535.537881
1261.565109,167,535.769316
3618.316443,447,536.382039
2109.701337,412,536.942396
930.275959,142,537.139878
773.509544,293,537.536822
-215.415836,139,537.729031
4705.057353,569,538.508221
-683.433502,61,538.590268
1933.023034,396,539.134878
4479.270394,544,539.880575
2922.367589,499,540.56735
4244.020165,502,541.255536
7792.745319,953,542.557842
334.050783,48,542.622356
-808.227044,55,542.695717
112.64632,169,542.927441
3636.056893,437,543.520147
900.39179,270,543.889254
499.314864,70,543.989321
3489.818516,457,544.605984
965.939229,128,544.785018
761.9578,251,545.129567
1274.750558,165,545.364242
4037.847112,643,546.236257
3078.31565,358,546.721244
984.192822,162,546.944252
46.707499,8,546.955235
6761.789852,831,548.125764
8426.286999,756,549.165075
1127.590496,172,549.405113
313.036287,35,549.452445
264.75308,38,549.504311
-151.110167,130,549.685175
7286.264979,871,550.877663
1957.689838,258,551.232161
235.185579,22,551.262105
-803.64626,61,551.345119
5432.587353,660,552.254438
367.872696,256,552.599993
3291.334103,569,553.375988
-703.771819,58,553.462105
-644.247724,62,553.544904
415.793202,56,553.619885
313.002754,228,553.931682
2304.60973,281,554.312582
3543.623684,458,554.942179
313.889379,34,554.98773
1055.070619,138,555.170492
3661.295248,474,555.815265
2913.806036,389,556.352844
545.455021,81,556.461065
-516.138717,96,556.591012
7819.324778,689,557.537098
1000.652437,135,557.724646
2092.854587,412,558.28107
4384.588285,589,559.088138
7366.040247,605,559.914658
3447.893353,396,560.525844
-323.160169,110,560.701651
1775.187337,233,561.022485
4035.044827,648,561.910837
67.579671,10,561.924759
602.285674,244,562.258454
2119.386288,409,562.824498
600.203403,97,562.956092
1981.529951,251,563.297907
6022.003777,900,564.535327
698.820053,101,564.670103
3402.302493,567,565.447235
199.902935,180,565.69943
215.222971,27,565.73595
1815.426723,227,566.046729
8231.9138,1001,567.419443
869.259002,266,567.78413
-680.311216,80,567.891436
-797.670703,47,567.961991
5089.562037,608,568.795755
2631.487497,470,569.439138
185.079418,29,569.47843
-851.018091,57,569.555835
2495.372764,348,570.038846
753.239416,97,570.168327
1802.423604,221,570.478691
-108.035023,140,570.665259
-295.447135,109,570.818806
5514.723615,380,571.334584
1198.340293,151,571.542194
82.82371,169,571.767748
3654.607883,466,572.408539
2371.067518,366,572.90818
2259.164653,308,573.330408
-762.591003,62,573.414785
406.993631,70,573.508847
4457.958935,561,574.283365
557.782713,77,574.386144
7501.128313,924,575.655108
5788.957647,677,576.580334
-807.745904,57,576.662885
732.145642,235,576.986423
170.798215,32,577.029601
-767.949641,66,577.125473
788.943738,122,577.289753
6564.794276,813,578.399005
8021.81812,1001,579.766526
-883.192649,74,579.874771
226.277148,208,580.151669
6070.980596,719,581.144918
7855.680297,1001,582.511586
8166.816386,1001,583.879653
4238.527234,655,584.782754
-423.911314,93,584.908672
2170.836803,253,585.255819
160.007791,174,585.495663
8941.272062,795,586.58071
194.899542,32,586.623518
1667.409616,209,586.910116
-843.264814,30,586.95161
2327.239384,439,587.548242
-355.415902,110,587.703125
1504.557856,213,587.995226
-925.016834,35,588.04191
-698.438203,69,588.135014
2829.13148,493,588.813605
3288.088847,404,589.385653
7425.564722,934,590.67125
484.150765,67,590.768715
3805.161945,524,591.483053
-908.536364,32,591.526628
412.095254,62,591.614429
-2.818739,161,591.837713
-703.609592,73,591.935599
-150.69185,127,592.104373
112.450324,22,592.135047
6668.773438,807,593.243046
1454.144717,194,593.504673
10469.393015,969,594.834063
271.992858,32,594.878195
4450.864899,698,595.833416
-418.030078,116,595.988394
-893.099554,53,596.066521
-285.17699,117,596.227228
95.830935,17,596.250502
8277.18077,1001,597.618642
231.699025,45,597.679447
882.665206,257,598.029315
5429.344605,699,598.989455
7874.410489,690,599.941224
275.990632,197,600.207641
862.628268,114,600.37154
-539.477274,94,600.497012
2819.115647,483,601.15622
1008.800319,172,601.39782
-294.396033,119,601.556548
772.691781,133,601.740599
654.882805,231,602.058182
510.920821,97,602.189306
5529.513703,673,603.111428
6898.614605,841,604.259262
1465.019727,160,604.478858
-628.34058,72,604.576586
2843.600751,488,605.245884
3505.414778,441,605.851717
8116.528402,978,607.184958
55.117788,23,607.216799
931.371765,118,607.381948
7191.178324,883,608.587077
-477.410465,93,608.718538
-0.854852,7,608.728318
-802.248681,66,608.817795
1208.462097,136,609.006631
-570.870411,96,609.134095
343.566105,57,609.212421
727.189853,247,609.551415
2107.064982,299,609.956531
7444.387245,623,610.815914
1262.79891,184,611.059778
1347.935147,194,611.327084
7069.162171,602,612.154387
3227.553983,399,612.693027
869.329832,97,612.823876
385.145889,36,612.880322
7344.010249,868,614.069916
7952.372366,1001,615.439916
379.403883,258,615.788762
383.630626,51,615.858304
-449.500496,108,616.009304
1610.180762,365,616.506288
1554.884616,219,616.804549
5424.595075,656,617.697447
2436.564671,345,618.169446
751.398426,101,618.307379
-973.949407,20,618.334491
-295.712983,119,618.500789
5567.299957,761,619.540909
-851.092344,45,619.602129
-289.606076,118,619.758645
6653.721177,838,620.928632
2115.350732,275,621.390719
-152.204182,126,621.603246
69.839109,178,621.886957
-331.105708,108,622.055691
2452.464347,314,622.497731
-453.090875,94,622.632517
405.972284,195,622.905308
3543.912881,445,623.633931
2150.460773,267,624.033521
8354.729085,1001,625.417786
8101.087881,733,626.551511
-762.504668,51,626.620263
-255.270347,108,626.771862
429.670676,54,626.84606
340.948025,55,626.920027
-750.937348,61,627.003327
3003.481679,407,627.561049
4286.165527,533,628.297667
6111.722966,724,629.308379
2023.855597,277,629.687494
3610.435679,536,630.426529
3655.438744,465,631.068876
5364.39267,670,631.989949
2864.210515,331,632.437497
4833.044334,739,633.454799
2240.919915,262,633.812254
8313.104577,1001,635.183929
258.751815,210,635.46293
3562.87319,583,636.272501
1778.322081,208,636.55763
1452.422766,384,637.07725
5049.775986,617,637.92074
-690.879528,85,638.041594
7325.881271,916,639.289892
8285.665172,1001,640.666819
2411.872679,283,641.05159
2735.068414,565,641.826059
-796.512702,61,641.908749
689.290833,92,642.031472
-358.001061,113,642.191355
1129.6521,271,642.561434
4008.665114,513,643.266824
741.804155,104,643.405595
3680.032947,447,644.017129
4191.878828,506,644.71556
65.029119,13,644.733296
88.042841,35,644.780525
-629.378563,62,644.864624
1079.390823,177,645.10779
5780.923617,711,646.083055
481.135964,51,646.151656
195.479062,163,646.377812
6773.568088,838,647.524907
4960.048775,796,648.613959
-754.949154,62,648.699068
1219.755312,143,648.900376
4825.394363,341,649.365436
120.46951,193,649.63114
-701.725592,64,649.721603
425.699466,226,650.033312
1427.233404,177,650.280428
1255.622017,170,650.514603
8882.512808,811,651.63247
133.332674,20,651.659563
5556.073749,659,652.661664
2848.497395,342,653.194071
2657.923282,496,653.870779
4064.321688,505,654.576568
4639.755049,575,655.374453
3378.97284,426,655.953357
3095.719329,376,656.531348
-530.93257,102,656.696172
299.062589,42,656.764195
3791.170856,481,657.464279
27.707839,160,657.685171
-115.928436,139,657.872391
196.733733,192,658.135488
-862.313072,31,658.177052
3149.685557,479,658.837074
2863.696407,389,659.373683
-395.076222,110,659.520434
-831.104718,52,659.591228
3725.952628,450,660.214971
202.673707,27,660.251795
213.151551,179,660.506399
-896.460307,30,660.547181
6417.496758,765,661.596391
3617.315459,630,662.451751
131.323093,25,662.492644
280.212846,198,662.754443
957.772081,148,662.959292
2724.357145,508,663.652878
-511.711239,76,663.758615
1597.931668,338,664.221174
-529.969408,75,664.328938
5.106602,4,664.335036
1077.303433,283,664.720042
5546.130549,718,665.701831
-815.894586,64,665.787074
7455.962709,937,667.071644
3118.538206,361,667.561997
-639.118048,71,667.657246
-391.823554,90,667.784032
3914.803493,479,668.443316
8577.113541,775,669.50195
1485.488243,226,669.802473
161.203546,173,670.04175
-263.043141,128,670.220934
5368.539489,700,671.172055
6004.505301,748,672.196611
-297.622047,129,672.375499
913.960141,124,672.540137
276.313784,194,672.819755
-506.696464,106,672.993764
-674.455406,71,673.113644
559.075558,235,673.507534
3076.567297,395,674.056915
1171.809672,285,674.455525
4111.853258,689,675.518268
152.516552,27,675.563612
8150.521282,1001,677.076576
1755.239378,362,677.570948
3401.888309,431,678.274254
1558.798882,208,678.583038
-538.355549,80,678.693383
1616.393941,344,679.171025
4174.975352,577,679.964714
6768.695983,802,681.074876
342.905671,55,681.148991
1270.680332,144,681.350153
-968.891697,25,681.38435
5617.31613,841,682.541752
830.90039,135,682.731076
4415.042745,557,683.490251
3720.820967,444,684.09859
1200.059011,143,684.291844
8249.338279,722,685.282517
916.160154,136,685.463856
4886.885209,605,686.296621
964.622531,269,686.664803
885.158122,127,686.833223
4427.307093,541,687.570075
3590.774348,460,688.204587
-635.266903,69,688.304063
3035.73916,589,689.102272
-135.32093,139,689.289603
1548.407053,204,689.569664
6639.757548,539,690.302119
509.120034,215,690.60282
-631.955662,82,690.712313
1164.954643,165,690.939682
144.440773,164,691.164795
6719.159794,837,692.313554
-888.096115,46,692.375353
7651.080331,928,693.656467
234.089828,27,693.69316
3131.896483,525,694.412542
304.243102,200,694.68986
596.357207,241,695.018276
311.238702,35,695.06527
462.903971,220,695.366138
25.588606,150,695.564902
1575.180407,212,695.857295
3235.531143,419,696.433731
300.53999,53,696.505073
1923.339373,391,697.03334
4520.606452,557,697.802528
220.441157,202,698.071385
-671.939575,69,698.171661
638.270657,241,698.501571
1268.847552,318,698.937681
1201.417472,171,699.17224
-816.42778,49,699.240015
7545.67602,952,700.544625
-652.923727,61,700.633531
-410.954393,98,700.765091
3552.667953,438,701.370441
3158.349257,404,701.91735
5198.751058,647,702.806576
614.009648,255,703.151749
685.006852,99,703.286687
-519.977514,89,703.414018
8701.123793,779,704.478488
1081.78538,133,704.656066
8128.581294,1001,706.033592
-717.076901,58,706.11173
2214.503925,308,706.534941
517.223684,213,706.822553
3287.351329,422,707.400716
3736.578415,465,708.035892
4381.497051,536,708.774016
-143.655552,141,708.965559
3235.360959,549,709.728523
-333.003196,117,709.887191
1299.522393,194,710.154301
1486.752355,326,710.602827
-588.849854,82,710.712506
122.223011,23,710.7508
1779.943681,223,711.054456
2461.601806,347,711.533035
2715.697605,479,712.192106
436.229575,211,712.478583
2323.024364,311,712.906333
-668.754094,66,712.994733
2221.529173,232,713.312479
2362.796839,439,713.916318
2084.901619,264,714.274504
3596.243408,463,714.897276
1749.733938,376,715.417123
1240.699388,162,715.633517
-158.552933,130,715.813683
1919.899633,270,716.183172
1515.574427,202,716.464228
-664.831022,71,716.558428
-392.320683,123,716.730072
1731.315106,205,717.005219
9845.969214,965,718.317601
218.591499,36,718.365842
935.974712,100,718.506861
3215.433259,402,719.049792
2275.857194,296,719.457909
550.587109,108,719.609679
-846.647229,53,719.681381
255.366665,42,719.737742
-419.982261,104,719.885355
1449.672756,341,720.349652
4440.710419,556,721.115405
1105.837102,296,721.521284
797.291998,92,721.651919
4098.076892,552,722.403654
463.534482,61,722.48556
1347.58175,169,722.717338
6575.006273,832,723.855585
4028.593117,505,724.549474
2206.39867,283,724.939
544.046459,90,725.059459
710.703317,123,725.231927
8201.815052,1001,726.601322
8220.211643,1001,727.969858
1202.784693,172,728.199439
463.859852,201,728.475176
211.364511,45,728.536371
2290.367516,458,729.166332
1032.280261,125,729.343008
7817.533465,1001,730.708127
369.715595,61,730.797444
688.229296,253,731.142651
2570.755926,486,731.808834
1854.204132,201,732.077254
7963.911327,1001,733.443918
3120.731698,394,733.983579
4615.882945,607,734.804102
589.721772,84,734.923831
998.844103,109,735.069425
1361.509952,335,735.527917
74.531305,17,735.551658
1865.823602,380,736.103743
451.144083,76,736.207784
2193.917448,433,736.800436
1778.292493,403,737.353601
1198.796186,165,737.580959
-614.803606,71,737.676009
-775.361597,57,737.760253
6618.130014,873,738.951825
2719.975144,488,739.625496
518.904116,217,739.929571
112.742553,177,740.167133
979.917898,119,740.334723
198.03005,21,740.364596
2830.873204,405,740.91818
259.009399,65,741.005783
4214.15579,510,741.701301
208.017991,166,741.923324
5472.545505,375,742.443441
410.251097,255,742.787642
1364.184919,205,743.065908
1877.101648,379,743.578809
4876.078307,622,744.435144
2100.265958,414,744.995541
4851.671274,587,745.798226
707.112234,114,745.961269
46.431643,158,746.180333
2448.868265,464,746.811133
474.408027,219,747.110018
385.086986,46,747.171545
8099.380489,1001,748.541857
9678.948282,889,749.762619
737.778721,112,749.915736
931.266411,277,750.295789
-758.704098,65,750.390779
5405.97388,659,751.294651
-741.234456,45,751.354873
6694.46845,834,752.503174
-426.893595,102,752.639027
127.665601,20,752.666176
8161.974036,706,753.637077
2475.652369,295,754.03888
-611.400688,64,754.12429
1421.229362,334,754.580348
5176.043062,603,755.412828
-19.755072,156,755.621262
5164.801546,783,756.699113
362.362333,62,756.781629
-775.284779,55,756.85558
-66.257437,150,757.062307
150.493248,24,757.094678
-695.272106,57,757.170507
327.531932,194,757.436908
1566.685338,189,757.691681
-493.676946,91,757.820409
1770.022582,241,758.146818
2331.732212,273,758.522104
814.600945,255,758.873772
3930.50355,473,759.518842
2225.642303,416,760.082102
4812.470528,585,760.884106
-703.556449,72,760.989178
1315.344297,178,761.228537
-848.776667,54,761.308783
-34.412142,150,761.508552
528.22581,82,761.629435
437.852826,57,761.7063
3410.391928,408,762.258536
765.575214,96,762.393831
2154.510383,401,762.940685
5770.065915,413,763.511053
441.854166,91,763.632184
4777.970352,736,764.640347
2053.685485,265,765.000921
99.70688,177,765.244597
1365.602002,189,765.503483
3279.797834,541,766.247542
-535.561544,90,766.367498
22.882119,4,766.373419
516.825101,66,766.461093
-142.542484,151,766.669358
-133.770347,146,766.870221
5283.023751,638,767.744834
6273.728786,757,768.785026
15.903908,8,768.796402
1865.483203,236,769.120327
374.295429,68,769.214288
-322.183736,116,769.376491
6809.964044,817,770.503333
8172.231243,1001,771.874905
8216.06753,1001,773.252871
6400.749548,932,774.527055
370.797071,69,774.627599
-247.309211,126,774.794748
-247.733775,131,774.977736
5876.404428,744,775.996404
-437.919616,104,776.135219
4830.110664,736,777.146519
-573.355514,71,777.243157
-539.995646,87,777.358645
25.068599,3,777.363196
8119.588532,1001,778.726567
2421.669416,306,779.148088
-219.292531,115,779.304662
4208.366075,506,779.999433
519.133279,74,780.098528
3747.654875,640,780.981751
2927.381158,361,781.468988
-142.714173,137,781.658532
5315.608788,688,782.591061
527.351211,77,782.701139
515.562708,99,782.833055
2597.728855,301,783.24345
1186.773365,288,783.637623
3102.187135,412,784.2008
1058.579194,306,784.613729
-857.737873,42,784.67061
132.066716,195,784.942479
3775.689443,458,785.566924
8126.012605,1001,786.933285
8398.233489,1001,788.310971
1315.242645,193,788.567492
5327.949317,401,789.119048
3087.768574,407,789.673719
-220.49524,121,789.834303
-554.8133,88,789.952733
1254.73764,325,790.407418
786.932746,96,790.535249
2885.239698,371,791.039946
4043.783769,680,791.966873
-802.457708,41,792.022038
696.434238,234,792.341625
336.463692,46,792.403562
8430.835503,1001,793.776298
8324.286891,1001,795.14626
4127.934886,229,795.457933
-618.897922,68,795.548693
5404.858727,704,796.511427
7950.376214,1001,797.872728
10373.911806,979,799.213937
179.436191,22,799.244109
2109.966928,243,799.57604
-636.088272,85,799.689256
29.176297,155,799.910962
-634.193935,72,800.009147
941.714827,267,800.376877
1444.554434,179,800.626065
-833.638826,49,800.692251
-603.083839,77,800.795086
2625.630119,330,801.252553
1020.09874,152,801.457748
1284.29562,144,801.65733
1878.086148,249,801.994141
-815.090176,53,802.065702
-554.875424,78,802.168968
7185.96338,870,803.362025
496.799716,239,803.685481
1368.885142,310,804.111408
1576.491456,199,804.389579
-556.088941,70,804.483724
1435.113555,183,804.735709
-406.612674,89,804.854622
8891.117404,814,805.963153
815.104329,98,806.10114
1123.39918,155,806.312032
6989.608958,846,807.469197
6747.926866,981,808.810828
202.259605,20,808.838263
7214.025651,901,810.079542
819.153265,100,810.215297
8270.346891,1001,811.587023
23.821224,168,811.817176
-14.107709,6,811.825842
7119.129293,827,812.958544
185.032993,196,813.228307
3730.691585,503,813.923558
2308.991333,302,814.339182
7699.206758,1001,815.707195
118.564774,20,815.734596
8216.187891,981,817.081361
1225.169601,151,817.286945
6835.56646,850,818.453215
678.469028,240,818.779336
-768.026551,49,818.845529
5743.316665,712,819.826658
1866.98604,396,820.362723
207.887199,178,820.618199
3283.612341,427,821.202829
1148.742461,152,821.404117
-634.143335,77,821.507696
6097.72291,772,822.565542
8262.172709,1001,823.933142
-378.299189,112,824.090537
-842.668752,60,824.170737
1668.406887,342,824.639716
3804.140481,487,825.304977
372.704438,54,825.377163
-662.601539,65,825.471627
7345.811648,882,826.673943
1200.03415,183,826.92491
427.681852,213,827.218416
4648.919109,605,828.041259
-57.926832,136,828.232796
8332.517099,720,829.220979
1061.892992,145,829.422794
-877.023286,36,829.471987
7929.768851,965,830.804046
-563.858928,75,830.905538
74.410171,167,831.135621
-298.147389,112,831.287853
-747.087585,58,831.373848
4706.029193,589,832.181412
1138.474375,142,832.371647
338.180892,182,832.622234
-524.129048,74,832.720567
5069.766666,603,833.552706
2884.808363,367,834.048014
4968.899439,634,834.917677
1636.666849,342,835.384624
4051.307907,531,836.10608
839.541325,128,836.288602
-814.003883,56,836.363743
6106.848086,894,837.585063
367.032945,51,837.654115
8187.740153,1001,839.028062
224.906905,185,839.286305
3303.589106,597,840.098905
-448.574538,105,840.248592
767.216473,114,840.400923
7064.187173,901,841.634746
806.171731,100,841.768132
304.360648,40,841.822333
7822.911755,961,843.139735
-678.362819,62,843.22479
7822.440411,939,844.514387
626.888402,229,844.826449
-776.050569,53,844.897886
2062.104789,401,845.454427
894.959511,133,845.63076
1362.713067,185,845.884683
6324.400707,772,846.940827
-470.555998,100,847.07531
980.904874,129,847.257405
-414.840632,100,847.389884
5323.091997,356,847.883291
1070.029169,291,848.2806
1885.979981,254,848.629077
203.884967,173,848.859047
-341.522919,109,849.012522
2583.518634,460,849.646311
2100.812403,259,850.000586
2368.763022,469,850.636663
4448.347247,532,851.36926
7273.092286,618,852.21203
-437.087615,95,852.33964
5.841482,164,852.564887
-727.124873,73,852.662599
422.890371,51,852.731088
2775.388708,403,853.280715
4848.238541,598,854.097814
2657.641325,487,854.762808
3989.70187,514,855.458585
319.059828,58,855.543441
-509.639543,74,855.642615
763.323199,105,855.782955
-288.461324,113,855.940516
-708.3487,72,856.0423
4761.279392,579,856.827849
1696.907145,230,857.140989
-591.681286,80,857.248891
206.822973,36,857.305371
144.827255,24,857.337709
2.851572,158,857.551965
-854.647371,42,857.608925
3440.003743,431,858.198511
8483.956433,1001,859.570016
4349.666934,607,860.441554
3213.69807,394,861.00515
2539.69057,338,861.492496
-405.122024,94,861.632658
1633.194674,384,862.198952
1221.951453,185,862.498239
321.700039,37,862.55729
1181.877272,304,863.084084
3347.305287,431,863.742913
1666.837216,229,864.121425
-395.659412,120,864.295267
-426.911102,83,864.442378
-917.860598,29,864.490173
1232.18794,315,864.989992
3657.300391,454,865.7114
8382.493491,1001,867.207074
-305.501937,110,867.35578
7200.730465,891,868.584705
-411.513163,106,868.73528
7581.079345,895,869.967835
5437.409628,375,870.491872
374.850129,207,870.781813
-99.030573,149,870.982363
2321.488004,270,871.354726
-184.869789,139,871.548185
104.872674,159,871.763264
5659.006983,674,872.698941
175.207043,29,872.73826
-155.232004,164,872.964243
7107.407088,837,874.129216
6712.196603,531,874.866343
998.279718,265,875.234015
1434.079081,205,875.517894
-785.082747,44,875.577466
1167.678169,292,875.977697
5216.807286,665,876.904079
8478.723562,1001,878.292626
457.646912,252,878.638551
1465.972626,165,878.86348
4757.537835,584,879.670433
1898.175526,255,880.021057
6121.002466,746,881.056256
2422.187428,438,881.657341
4697.603322,563,882.443377
169.539125,22,882.473297
8231.565958,979,883.813336
788.057504,120,883.981253
1.714842,8,883.992554
7000.679601,873,885.197215
-131.094744,138,885.389239
7096.953568,863,886.575358
3181.761972,538,887.318159
-154.971973,130,887.500741
-556.826938,74,887.600657
1786.650483,259,887.95463
6571.424051,781,889.039336
1826.015476,220,889.345889
8233.45241,1001,890.733021
289.731994,51,890.802881
7458.20105,950,892.113081
2212.85129,429,892.70925
327.455338,77,892.81191
3697.917951,495,893.490615
-297.808667,119,893.649807
-179.13117,156,893.866819
5761.662455,726,894.862628
480.487624,71,894.957318
428.451034,207,895.242895
-690.94428,63,895.328092
5430.163643,660,896.234876
8158.053346,1001,897.60754
4160.090788,656,898.506851
213.171276,176,898.751043
1211.020623,169,898.984072
8147.011763,1001,900.3557
-415.494231,92,900.485651
7430.77769,909,901.750415
-260.396413,110,901.905204
7250.886688,891,903.117657
8306.084097,1001,904.494507
2568.287113,341,904.956264
5527.967052,660,905.86475
8370.356226,1001,907.235444
2434.884354,306,907.650972
38.878739,9,907.663463
1325.19097,171,907.901249
3807.685582,515,908.607521
-827.236601,54,908.679899
2704.079193,350,909.174013
4763.535752,597,909.992529
7822.272168,1001,911.374328
3065.909706,514,912.089749
466.403527,201,912.358986
-770.39424,55,912.440392
-876.290697,53,912.511212
1377.926129,178,912.759936
7667.169928,1001,914.124632
5327.172043,802,915.240304
1595.125569,199,915.505595
6187.205649,482,916.176139
-875.825537,48,916.250112
-839.366221,49,916.315741
3519.872824,422,916.885279
6440.93057,783,917.958637
291.433477,54,918.039531
1298.891785,164,918.260803
-531.00755,93,918.392637
-358.389536,126,918.561538
6225.410342,782,919.632264
5661.492308,670,920.556874
1006.08775,275,920.932341
411.784029,56,921.00735
-205.270466,157,921.228037
2555.203713,488,921.907224
2606.072186,356,922.393441
8132.898002,1001,923.775437
3274.906255,559,924.54328
-611.290574,86,924.658654
2894.732223,356,925.146076
3568.896911,594,925.959237
-599.698785,92,926.083755
2175.641105,315,926.519117
-715.077069,59,926.598587
-22.653608,140,926.786045
2879.057477,517,927.50641
2156.332898,285,927.894324
8102.478197,1001,929.266439
-680.414185,67,929.356785
2042.211887,472,930.002033
2065.263611,393,930.537708
328.163385,69,930.629921
8308.635352,1001,932.002952
1157.336403,167,932.234964
4695.84589,601,933.052185
1446.309481,233,933.409938
-644.712313,72,933.536343
186.476475,198,933.876318
3563.283329,600,934.818035
783.507267,131,934.994258
-579.257961,72,935.091871
700.421034,240,935.4228
5844.331019,689,936.372701
3385.387772,557,937.218576
496.690204,57,937.309956
1287.497712,173,937.594119
1671.953294,214,937.891044
3815.120635,487,938.567195
4360.844614,514,939.276015
-950.742263,22,939.305856
7251.07633,654,940.21159
2582.518034,325,940.662965
623.38058,230,940.978093
558.114191,83,941.090044
1414.664418,201,941.371905
4005.87164,487,942.034277
4395.857799,690,942.978486
101.611473,167,943.209728
-519.466678,92,943.333055
439.217522,52,943.409987
-411.578973,96,943.537355
3209.406755,534,944.381894
-670.662068,68,944.493077
1957.330168,303,944.930451
-294.814167,106,945.07488
-516.45829,92,945.204893
4532.169707,639,946.085001
1301.580556,164,946.313986
-799.606992,49,946.402982
681.431568,122,946.598952
6807.712134,830,947.865119
4373.104088,682,948.899926
2518.981678,319,949.339579
-209.958911,122,949.511023
728.61294,251,949.891667
-815.736663,50,949.970228
4545.358666,578,950.831888
4249.800768,518,951.683745
2310.657499,440,952.301853
185.468366,43,952.360331
8236.481224,1001,953.869162
8203.501233,1001,955.253623
836.552397,281,955.63613
5441.679186,720,956.625375
1894.421756,254,956.972466
-691.464363,58,957.051728
5586.289197,689,958.005105
5812.750696,665,958.912235
2527.573722,336,959.377867
1283.991997,302,959.788663
43.187626,7,959.799008
5444.843103,420,960.370692
-676.265916,68,960.468777
1577.846303,204,960.751581
8369.298991,1001,962.116211
-812.639166,60,962.205145
2886.868358,492,962.880527
2424.327401,339,963.34187
759.384649,110,963.488974
8131.451463,1001,964.86807
999.595074,312,965.381742
895.424105,291,965.858278
3319.534862,398,966.401278
436.363093,230,966.713601
-425.902187,86,966.828691
5543.890343,685,967.824846
4309.816057,521,968.636776
-369.657936,115,968.798164
2832.375389,365,969.297777
4760.087641,734,970.310776
544.437552,246,970.644937
212.360231,21,970.673701
8456.196078,1001,972.051165
1569.351548,336,972.513458
907.531257,255,972.865666
2883.383447,410,973.425605
-318.088659,119,973.585031
707.233356,268,973.952737
3257.40803,431,974.542132
-475.908361,101,974.676918
450.797753,73,974.782061
59.964248,9,974.794703
-688.049574,57,974.870988
460.26278,237,975.203457
774.315954,239,975.536453
-51.317468,172,975.766573
48.072751,142,975.993062
1081.595649,154,976.255633
967.304143,280,976.714919
5901.347067,721,977.746361
527.680564,246,978.092874
5963.78562,755,979.140575
2024.296147,403,979.703452
2628.0526,552,980.455654
418.839232,46,980.51788
-826.325403,59,980.609496
8272.744627,710,981.59044
1972.164006,232,981.940572
-963.446917,47,982.003847
2105.861866,470,982.649135
904.893017,247,982.986676
1496.608475,237,983.310882
8448.422903,1001,984.804458
9582.18151,900,986.12532
121.87424,15,986.146128
655.478253,86,986.265526
979.211807,107,986.409073
7451.129984,894,987.759133
203.045781,167,987.990419
323.193722,197,988.260744
5075.214001,637,989.135467
-169.631988,144,989.329174
4199.574739,507,990.029345
267.359489,192,990.297704
981.10766,158,990.515312
7984.44077,1001,991.890023
7241.287046,1001,993.253727
8478.892307,1001,994.628825
5206.157294,825,995.763689
1319.125951,176,995.999412
8429.140388,1001,997.373898
8163.771609,1001,998.743232
-284.580186,109,998.895311
117.613419,175,999.12842
642.032425,249,999.472212
153.933871,177,999.716062
2241.085496,291,1000.114756
822.000603,129,1000.296405
3950.015312,627,1001.158661
1973.517838,245,1001.492635
8298.724093,1001,1002.863292
560.595352,90,1002.982886
-9.60312,9,1002.995426
1641.517835,349,1003.481388
328.888615,35,1003.528802
4391.712549,518,1004.235331
8303.494364,1001,1005.607711
7394.791478,1001,1006.96869
7936.446524,994,1008.513169
60.192117,7,1008.530417
66.822038,15,1008.551073
8225.481574,986,1009.968672
-214.768848,149,1010.176551
5751.807507,841,1011.336744
4.43292,11,1011.352103
1074.975185,162,1011.574922
6937.838788,839,1012.910231
-171.321171,134,1013.136276
195.424866,191,1013.456163
5333.205335,676,1014.410428
1584.864944,237,1014.738877
6173.573632,764,1015.783983
3261.541554,543,1016.560181
3658.652439,458,1017.195494
8380.767746,1001,1018.57062
-715.891774,71,1018.675851
7456.299499,930,1020.2601
-400.138779,114,1020.41936
3338.732651,572,1021.281813
-695.871478,69,1021.382256
-440.548326,95,1021.510652
1184.682627,151,1021.721076
5250.39428,619,1022.574981
2140.345848,288,1022.96666
772.311147,94,1023.09959
618.715906,219,1023.446334
1377.762962,314,1023.96479
3598.385157,468,1024.65509
95.658901,18,1024.683285
1236.938085,309,1025.192688
833.395744,256,1025.54227
3266.608934,418,1026.111817
-534.747878,81,1026.227958
7230.578379,920,1027.620406
3463.694093,578,1028.424403
170.887727,172,1028.656216
2253.92151,251,1028.997158
816.189783,244,1029.339603
6033.911033,757,1030.384491
-310.461752,115,1030.545975
1020.1552,281,1030.934376
1631.6326,344,1031.405627
-795.904752,65,1031.493197
1488.469333,196,1031.763049
8400.068241,1001,1033.135284
-267.977134,112,1033.286119
6961.270653,889,1034.504843
2255.920501,450,1035.122959
4517.92315,551,1035.872406
-781.085293,75,1035.972518
7816.861347,926,1037.244121
8010.486008,1001,1038.60837
2621.596257,479,1039.260812
2879.681886,496,1039.937531
204.876343,26,1039.979786
1442.15085,310,1040.406794
5788.954169,691,1041.349955
7555.224801,1001,1042.71518
8434.345842,1001,1044.095216
8127.700458,1001,1045.477569
51.264561,8,1045.488808
-401.133003,106,1045.63848
7161.255981,887,1046.860264
-733.179387,70,1046.953651
-226.854851,131,1047.134875
6179.137735,800,1048.229848
150.878589,18,1048.25475
8182.845115,983,1049.604588
1679.662355,354,1050.090806
364.813611,210,1050.384068
-228.698945,132,1050.566601
-810.654499,52,1050.642276
-77.487917,147,1050.837622
-704.501762,63,1050.929206
324.300334,43,1050.987087
-636.937622,86,1051.101079
9442.640873,849,1052.266639
452.235675,66,1052.362486
7995.686487,1001,1053.736485
-300.175332,146,1053.930255
-682.231387,63,1054.014151
6510.384188,792,1055.106082
-902.727374,40,1055.160953
-753.248029,58,1055.241191
-685.334789,58,1055.319492
2171.061254,301,1055.73138
4298.948008,544,1056.473556
1489.36757,159,1056.693296
4360.469778,613,1057.52779
275.850027,28,1057.572865
-442.328931,98,1057.704375
733.988549,103,1057.842434
4303.891049,668,1058.762445
2588.953016,333,1059.214883
1271.476725,173,1059.454087
668.829295,97,1059.583608
5877.568777,731,1060.591343
-147.053936,133,1060.781337
169.821198,178,1061.022929
3697.52945,447,1061.636078
1924.430594,243,1061.986869
8071.166401,1001,1063.48842
4518.620932,537,1064.296911
3434.587467,464,1065.00471
8153.470908,1001,1066.384293
6077.821698,900,1067.617553
-599.885448,84,1067.738224
141.908736,17,1067.761636
8185.826536,1001,1069.143538
4425.346105,687,1070.087829
-346.15947,126,1070.269008
-866.811059,50,1070.336945
-698.833739,85,1070.450762
398.645427,53,1070.529446
8486.736199,1001,1071.906354
8010.106069,1001,1073.282805
8374.480807,1001,1074.661038
8122.262603,1001,1076.027909
7888.127411,1001,1077.396228
1700.59189,394,1077.93825
5191.089427,607,1078.763479
8509.014924,749,1079.793573
1956.917609,252,1080.136171
-572.199672,67,1080.228077
7484.585218,934,1081.515631
8128.408754,1001,1082.887968
7967.562152,1001,1084.25044
8228.559704,1001,1085.855629
28.618459,154,1086.09266
-498.146923,81,1086.204612
913.385797,271,1086.620814
3972.899552,495,1087.316266
8128.432582,1001,1088.697217
8175.349715,1001,1090.108962
2186.251611,300,1090.537665
5762.329864,701,1091.59324
7770.568768,1001,1093.039857
-450.645247,93,1093.166222
2626.144983,388,1093.742413
3880.455645,520,1094.479698
-49.318737,141,1094.706309
3478.118495,592,1095.55403
378.415997,48,1095.630499
37.606081,157,1095.86934
345.923668,63,1095.954906
3868.852819,620,1096.874487
-311.628274,116,1097.04293
2150.968842,265,1097.436032
386.228998,232,1097.781486
3174.403896,451,1098.445251
2573.662332,318,1098.876679
1309.670155,331,1099.357785
5523.988175,670,1100.349967
1912.938592,234,1100.682783
6545.489954,767,1101.77494
8392.559066,1001,1103.193949
8329.027965,1001,1104.577203
9677.983214,917,1105.908745
577.157136,84,1106.023165
8132.599894,1001,1107.472531
-207.26665,115,1107.6332
-750.236251,66,1107.735152
6565.474847,820,1108.956327
148.791807,164,1109.212222
6745.162027,837,1110.461973
8112.199165,1001,1111.93024
1049.260448,274,1112.316442
2513.794677,479,1113.005481
2031.085456,248,1113.34979
-367.466244,112,1113.500428
5159.011726,780,1114.650457
846.948272,109,1114.829497
-402.211972,113,1114.985004
-357.58406,113,1115.169917
5994.191927,775,1116.347084
8130.048655,1001,1117.849292
2221.701907,472,1118.583486
1447.249158,367,1119.13144
685.569441,119,1119.319894
334.30727,43,1119.37829
-490.585325,86,1119.5038
7534.848466,915,1120.907581
-691.733195,54,1120.989207
3415.335707,551,1121.815237
3279.735944,396,1122.394963
6309.300659,903,1123.733913
778.567219,98,1123.864943
7689.155831,1001,1125.301197
1348.7614,364,1125.818178
4873.936152,310,1126.243215
2457.0147,319,1126.711613
19.413118,8,1126.722923
-859.466309,52,1126.793265
1110.919976,193,1127.09372
363.309708,215,1127.42379
4586.251603,541,1128.216192
8125.723399,1001,1130.233771
8496.400485,1001,1131.868909
8289.457029,1001,1133.384169
1385.227666,370,1134.023295
849.377087,322,1134.533721
2404.682118,309,1135.060355
-516.854844,90,1135.18658
6929.445272,911,1136.634565
-183.955485,148,1136.877282
368.261595,196,1137.216498
1142.851683,301,1137.699449
90.395301,14,1137.730449
2917.809894,342,1138.262043
-621.890831,75,1138.412304
-288.89341,117,1138.571531
504.329504,235,1138.979855
4052.552602,484,1139.749194
679.197131,84,1139.896212
34.893971,6,1139.909783
454.097867,206,1140.203326
6758.576776,795,1141.484816
6049.31406,913,1142.874832
600.531099,88,1142.996825
-770.969694,53,1143.074128
7938.302697,948,1144.4778
8152.190272,1001,1145.97716
443.196894,258,1146.355792
6394.385342,743,1147.717003
34.459509,9,1147.729919
7838.189249,960,1149.082604
191.721079,32,1149.126809
963.940544,270,1149.536281
240.280012,43,1149.595566
5730.988936,688,1150.578475
7709.304801,1001,1152.00367
4981.395074,321,1152.802151
1348.847188,205,1153.152286
3979.886468,475,1153.950531
3395.640459,551,1154.935482
3640.785123,450,1155.728701
3223.344584,465,1156.599947
-816.048354,58,1156.717641
3871.741682,478,1157.598811
1555.227472,381,1158.294722
663.658824,78,1158.446692
4298.428547,542,1159.409171
-197.577973,129,1159.681792
7345.126892,872,1161.213932
2005.078919,253,1161.591182
5874.055243,748,1162.635227
7599.561792,1001,1164.042679
8388.97648,1001,1165.451744
7826.816528,1001,1166.872878
5443.330241,800,1167.999698
1568.589929,201,1168.284034
-91.595229,148,1168.484765
-24.831175,9,1168.497632
-747.396437,51,1168.582775
6607.743883,793,1169.694476
3109.412627,602,1170.537992
-672.19453,63,1170.625299
2190.674491,336,1171.104669
4201.043972,677,1172.06854
2485.078312,324,1172.52078
10378.937771,965,1173.877359
256.574372,36,1173.926687
924.29629,127,1174.107677
5003.514403,768,1175.189262
-321.714377,105,1175.332817
-3.929163,1,1175.334687
-687.691405,58,1175.415588
989.816336,285,1175.829444
935.686339,308,1176.273455
2916.744893,350,1176.763363
1064.509963,129,1176.944939
7085.974228,872,1178.166749
7879.431016,1001,1179.67289
8389.939729,1001,1181.162325
8098.392317,1001,1182.586499
8163.908368,1001,1184.002809
-205.93702,127,1184.227777
314.423384,186,1184.625241
-248.31338,117,1184.848716
-121.276788,132,1185.10534
1902.372897,373,1185.643528
504.999043,66,1185.740946
-874.207211,58,1185.819779
7448.913051,943,1187.730422
7342.859501,879,1189.174645
931.849612,122,1189.412664
499.133764,221,1189.850471
6415.290511,780,1190.952381
2818.987335,492,1191.928607
267.447087,170,1192.17535
-555.603112,72,1192.281869
1854.205313,267,1192.648655
2411.741099,452,1193.386658
189.101433,177,1193.751942
-967.866677,30,1193.814623
3011.953585,342,1194.418524
279.260598,182,1194.67865
2908.285655,504,1195.391909
2092.291515,315,1195.858542
-30.655442,7,1195.868541
6151.907973,760,1196.992433
-394.084877,118,1197.199464
923.550765,116,1197.362717
1095.467129,291,1197.822482
584.272135,70,1197.918841
5405.447979,640,1198.898068
4257.966416,706,1200.185869
2458.952053,295,1200.648733
8234.955518,1001,1202.53851
8180.584297,1001,1204.044197
1353.384745,332,1204.512494
5177.656822,669,1205.435331
8546.073934,1001,1206.901124
8232.722691,1001,1208.555817
1474.546523,332,1209.242475
5738.209598,669,1210.306259
8410.645763,1001,1211.951988
8045.987756,1001,1213.755378
6955.205463,1001,1215.490624
6985.32605,986,1217.102295
-23.873063,15,1217.128273
243.277704,189,1217.425048
4520.950228,707,1218.43759
-16.343318,7,1218.4476
757.69522,98,1218.595377
6815.572672,572,1219.411744
-175.154853,135,1219.609527
2023.796921,294,1220.044541
1387.067803,310,1220.513399
-862.517945,52,1220.59186
157.596611,170,1220.872261
3526.77971,469,1221.55846
515.062559,233,1221.904114
4630.916776,731,1222.960899
309.745719,37,1223.021216
592.727056,120,1223.200135
7024.057697,881,1224.446529
5011.435092,810,1225.59774
1472.080703,191,1225.861433
8198.785327,1001,1227.291588
3090.998593,533,1228.085988
1426.994137,335,1228.576241
150.125604,49,1228.648271
521.958777,84,1228.772426
8467.810926,1001,1230.231319
1984.102185,465,1230.93524
-235.464577,125,1231.11431
3468.827552,411,1231.711579
2543.940252,325,1232.188251
772.586138,281,1232.618637
2692.795624,313,1233.088847
780.253628,82,1233.209273
8583.035604,1001,1234.622825
-481.638354,97,1234.766192
-540.984631,83,1234.902771
3844.160094,620,1235.775513
1654.163795,201,1236.063915
-40.698995,172,1236.327838
-863.928507,38,1236.396357
1106.546477,292,1236.834848
287.502779,197,1237.112839
2254.747517,302,1237.581536
3335.311672,416,1238.204641
-779.093437,61,1238.305583
-536.37455,78,1238.423419
3392.874355,446,1239.085134
707.684134,220,1239.453482
-84.161805,154,1239.724813
2561.229131,472,1240.54207
134.280774,51,1240.647667
816.793117,104,1240.82264
8421.441142,1001,1242.604778
412.596841,73,1242.756015
1925.619474,379,1243.53018
-460.226999,88,1243.709836
3886.345273,461,1244.364995
8280.190771,1001,1245.794274
8447.975176,1001,1247.215872
8203.521813,1001,1248.65863
7749.913175,1001,1250.090919
-385.629288,123,1250.303849
1854.347315,384,1251.093642
161.833343,184,1251.37211
2680.232582,310,1251.94176
4103.805129,649,1253.057151
2342.630265,352,1253.590362
8499.727231,1001,1255.32571
5422.076936,811,1256.842055
1560.08541,190,1257.161855
8319.15402,1001,1258.806831
-250.601075,121,1258.994058
1294.698676,166,1259.239125
-683.007087,62,1259.326197
-592.75129,67,1259.437474
4768.779894,585,1260.313905
674.188829,92,1260.455464
4788.602293,801,1261.640745
909.11279,108,1261.794635
8397.965306,1001,1263.252982
2381.560042,459,1263.936323
4180.20728,542,1264.750873
-627.401841,72,1264.856147
5486.624982,818,1266.059495
775.611839,111,1266.220761
8415.277009,1001,1267.712387
987.850212,301,1268.161319
5686.855235,700,1269.173466
8056.008787,1001,1270.66096
-10.336029,156,1270.891071
4940.48955,730,1271.966314
426.019746,75,1272.078066
240.914913,40,1272.133724
1601.290063,350,1272.646647
5267.337434,651,1273.605716
-774.924584,60,1273.69383
4658.895395,707,1274.737373
715.416778,94,1274.873875
932.460667,140,1275.078612
174.045492,242,1275.409304
-549.658728,95,1275.550331
-622.609805,65,1275.64671
4092.194014,599,1276.528441
8309.704867,1001,1278.014537
3803.016251,616,1278.900934
985.739063,278,1279.31285
724.59773,107,1279.465211
2517.073279,455,1280.144308
342.117409,39,1280.204941
4016.268357,507,1280.953979
8265.992488,1001,1282.410665
-128.875077,138,1282.625223
6864.082471,863,1283.896392
8282.000551,1001,1285.352648
1024.23148,282,1285.771751
5995.963979,719,1286.839218
-340.732583,109,1286.99712
-210.182503,132,1287.223279
-594.956366,79,1287.366509
2512.264032,519,1288.209092
-912.002957,59,1288.298285
807.301547,103,1288.45702
8337.96454,1001,1289.960235
7578.023664,1001,1291.608791
-788.1661,57,1291.692733
8013.278684,944,1293.192628
-176.619628,129,1293.402948
-726.993425,76,1293.513913
-577.62354,78,1293.635425
1262.786878,295,1294.094816
-738.97036,42,1294.15667
3076.147029,381,1294.702481
8203.896256,1001,1296.354398
432.6672,49,1296.426665
1487.609315,188,1296.732096
6453.074247,764,1297.93128
16.250343,9,1297.945129
-799.870798,42,1298.006027
1614.520863,369,1298.614058
-542.262,97,1298.761464
-517.930745,100,1298.921595
3047.932563,384,1299.546079
2005.180719,299,1300.018412
-656.650298,62,1300.116346
-173.866884,134,1300.332239
106.739893,181,1300.606692
2582.942646,325,1301.069976
8212.403588,1001,1302.670105
8140.185772,1001,1304.226965
833.987688,267,1304.640778
4410.120987,569,1305.576002
908.76827,165,1305.822108
4180.80561,646,1306.8369
2928.491318,355,1307.338147
8476.89756,1001,1308.898913
1540.618426,344,1309.508506
5597.737649,657,1310.69153
-610.93431,69,1310.80746
7455.308369,932,1312.473062
8251.383393,1001,1314.0431
-627.620858,100,1314.19095
-631.638646,88,1314.317935
8572.776027,766,1315.387128
311.189195,47,1315.459471
-200.613865,129,1315.645084
8798.388193,840,1316.95501
165.095259,32,1317.002497
8317.725815,1001,1318.623085
-671.930488,65,1318.72218
-459.141955,103,1318.883469
6931.268544,833,1320.168283
-72.537921,131,1320.384266
5225.538899,797,1321.582818
208.93384,37,1321.636883
326.486903,36,1321.68972
2969.013643,502,1322.453771
750.266665,273,1322.829488
-543.230619,99,1322.996461
641.743734,127,1323.225198
4099.826759,666,1324.220097
-467.273413,113,1324.390225
1958.295376,222,1324.703943
3500.238398,604,1325.535222
3325.851878,397,1326.082811
-639.292462,92,1326.206776
3350.650472,547,1326.97301
2242.528618,362,1327.565464
8041.213081,1001,1329.149821
626.488153,93,1329.289307
-593.613729,104,1329.43489
679.677543,244,1329.787637
-196.161312,150,1330.005421
3332.095256,410,1330.691017
-578.682882,71,1330.819574
-523.435037,110,1331.010457
6943.91288,820,1332.205487
1663.217015,334,1332.669616
-496.840075,128,1332.848361
-581.808762,71,1332.943787
3232.572784,468,1333.693772
2750.970452,571,1334.501064
3638.133091,430,1335.090086
8507.20696,1001,1336.475999
1906.484699,237,1336.8056
6170.106103,764,1337.85302
-682.642553,58,1337.93106
7527.133848,943,1339.226363
8248.446952,1001,1340.637861
-282.111716,173,1340.938723
2996.698886,404,1341.599781
3563.87225,424,1342.186492
-223.491703,151,1342.394935
840.755111,287,1342.802382
4582.681397,563,1343.769988
-212.785261,128,1343.993415
1600.296709,177,1344.249525
-832.816477,51,1344.337305
-631.539603,78,1344.459182
4704.164087,567,1345.239804
2775.192134,497,1345.963887
4432.668315,504,1346.658029
8313.655692,1001,1348.074937
-285.465785,115,1348.245549
7340.974943,886,1349.468494
8343.582537,1001,1350.856302
-897.115848,41,1350.912661
8403.601286,717,1351.933357
1613.958371,243,1352.273597
7571.783084,1001,1353.675689
7770.349237,1001,1355.06438
3185.930295,539,1355.84192
3552.964525,462,1356.495486
875.923646,122,1356.662839
7609.342073,879,1357.899323
422.319435,62,1357.982985
4772.895584,578,1358.886968
-275.230154,111,1359.064634
1848.970909,250,1359.407231
-316.942226,121,1359.58097
7376.010107,880,1360.788501
3470.937446,418,1361.371589
965.520719,310,1361.794513
1785.648349,273,1362.166697
8159.772181,1001,1363.688681
7886.122137,1001,1365.103654
8406.742791,1001,1366.646054
8022.265651,1001,1368.186587
6165.377117,892,1369.581286
631.371361,109,1369.735662
8415.097854,1001,1371.375781
5552.373575,821,1372.744131
1249.712386,180,1373.038802
8365.38905,1001,1374.612426
7962.960552,1001,1376.173236
8397.613268,1001,1377.750859
7830.943837,1001,1379.170661
-669.906952,68,1379.277952
7891.031667,933,1380.595942
75.133331,8,1380.607278
4616.088954,706,1381.72539
-564.86101,68,1381.829528
1483.261796,219,1382.181911
4944.677856,339,1382.709781
-179.122319,146,1382.938858
-313.601441,107,1383.100197
3425.368063,409,1383.75192
8256.928123,1001,1385.287713
7993.280039,1001,1386.829853
2206.549039,452,1387.463523
4074.36235,549,1388.330605
-770.463515,94,1388.482202
923.819056,174,1388.724852
2922.682568,497,1389.415143
1951.0936,236,1389.739589
-625.123694,84,1389.857764
7563.407602,917,1391.130478
9537.401199,867,1392.340357
1011.349033,134,1392.533485
-489.003598,92,1392.691536
7529.448682,909,1394.081647
-501.128286,85,1394.215409
1035.527264,322,1394.670891
4294.043937,594,1395.645807
8097.835086,1001,1397.133709
7363.06302,1001,1398.552104
7822.969695,1001,1400.058565
7006.777085,1000,1401.595035
-5.689047,1,1401.597117
393.339583,198,1401.879839
6660.321343,803,1403.025841
8210.696105,1001,1404.594486
-7.413658,146,1404.836329
6908.610713,855,1406.242904
-355.857382,117,1406.441908
-543.937816,77,1406.557159
592.928474,267,1406.975829
113.24059,175,1407.29333
2789.900244,365,1407.897316
8256.661108,1001,1409.492859
620.183767,232,1409.903489
2053.869449,412,1410.616653
2838.793701,357,1411.181244
8230.524117,1001,1412.796383
5219.60118,769,1413.990256
1736.527594,232,1414.32392
3034.08393,508,1415.122751
4055.650938,493,1415.861154
7714.373909,1001,1417.414931
4247.606696,657,1418.3678
2705.725071,344,1418.841445
1302.028385,184,1419.101654
6735.848956,817,1420.262072
1369.568344,391,1420.813563
4865.690003,610,1421.655418
4907.285474,770,1422.842231
-846.450007,34,1422.898782
1198.545877,133,1423.099376
476.77521,64,1423.195482
6918.623365,993,1424.589997
56.792174,8,1424.601506
8326.873623,1001,1425.99265
8214.982487,1001,1427.393683
7471.378214,1001,1428.771468
1331.457475,292,1429.193447
-841.740275,42,1429.258808
5562.02361,667,1430.174757
3404.901507,564,1430.958409
3694.615548,437,1431.564377
1514.357117,339,1432.032423
5190.086018,662,1432.945496
8505.430898,1001,1434.330985
8102.4776,1001,1435.716732
-524.576778,117,1435.877344
7086.179146,884,1437.100749
8161.07276,1001,1438.488885
8242.890375,1001,1439.872041
5571.794181,825,1441.011497
1481.458291,176,1441.258104
5558.444272,817,1442.39694
1360.687517,184,1442.645808
8077.275622,1001,1444.026223
-652.611596,65,1444.137864
1263.32864,301,1444.553525
5143.021598,635,1445.425638
37.095654,184,1445.684183
6910.875139,817,1446.809131
8373.695049,1001,1448.194713
1138.878862,342,1448.665165
3386.527866,581,1449.4724
609.14695,78,1449.576483
188.280796,188,1449.840641
1077.124464,279,1450.223768
880.41468,240,1450.556009
2504.194159,294,1450.960864
8193.550886,1001,1452.35219
1373.93005,387,1452.88219
4790.362925,614,1453.728536
520.102862,209,1454.022229
6606.982542,792,1455.112597
1672.530557,419,1455.68643
-391.951602,158,1455.904721
3378.123647,424,1456.491939
8061.209708,1001,1458.032449
8604.619056,1001,1459.450463
7805.211424,1001,1461.116
-457.465169,97,1461.264741
-71.573002,160,1461.480017
-636.93313,86,1461.603056
4946.214944,658,1462.504301
6173.680468,891,1463.967861
905.040735,110,1464.148142
8520.911234,1001,1465.572194
-403.927887,108,1465.721779
7453.436732,893,1467.092484
1382.70754,309,1467.527668
5816.625796,692,1468.483693
4306.305013,716,1469.471088
2017.954366,285,1469.861039
-161.059,157,1470.076356
