#{"t_start": 1607896967.4581313, "env_id": "Block-v4"}
r,l,t
-270.006703,132,2.013958
7076.817101,868,4.578446
253.094158,186,5.177046
6758.947447,815,7.518965
8118.238781,1001,10.504833
8490.072047,1001,13.414653
8402.009475,1001,16.34043
8404.884427,1001,19.246814
8370.958624,1001,22.184
8333.259906,1001,25.111123
226.13952,198,25.700595
6544.657562,803,28.054888
8218.029379,1001,30.94721
8248.529354,1001,33.839048
-247.454864,122,34.178659
-835.528413,34,34.272469
-347.992191,111,34.574258
-220.589174,119,34.8985
778.333293,242,35.563472
164.226921,172,36.028386
510.405561,201,36.582494
7.990547,1,36.58471
1221.653471,287,37.359942
1349.189032,301,38.17662
-240.626214,114,38.491349
2014.397036,299,39.314354
8342.133607,1001,42.118376
-777.821678,118,42.454813
-18.472525,150,42.86735
6280.533416,733,44.902164
1361.220726,299,45.743429
1380.552617,303,46.631952
358.310982,177,47.194729
1753.799785,222,47.845622
1361.413036,293,48.676803
828.773637,236,49.346025
319.466354,175,49.844679
2400.292622,297,50.700888
957.83544,281,51.501483
29.302647,164,51.970631
182.324585,159,52.424286
1013.321885,260,53.163569
625.832208,137,53.562997
-243.008033,138,53.965288
553.080163,217,54.587028
-516.624672,76,54.805291
1356.053462,297,55.663918
-54.034152,129,56.067366
1075.990741,144,56.495356
3391.320745,547,58.096414
176.894371,157,58.555348
2375.521491,297,59.423138
10159.078614,913,62.062504
-702.0619,54,62.220448
236.818389,34,62.329772
-457.424713,84,62.566555
-434.448634,88,62.841227
7044.11837,829,65.25152
-105.903359,125,65.613412
1866.020384,360,66.655249
1089.035382,267,67.422938
2135.077484,249,68.162096
11.418256,140,68.577522
7105.145539,861,71.080448
1827.067639,358,72.167736
-567.756659,77,72.400506
4025.001542,566,74.13717
7500.974237,1001,77.133478
-119.774768,128,77.500743
6868.7377,873,80.054518
7901.841638,1001,82.954801
2170.082439,405,84.155544
4963.518714,596,85.875873
8329.92549,1001,88.789658
8434.79305,1001,91.682341
1508.341469,315,92.623531
2005.669607,416,93.922105
141.685183,155,94.408408
-529.481881,70,94.628315
334.657823,45,94.772513
3669.100751,583,96.366481
1095.821674,279,97.129459
1143.149922,139,97.515976
1394.650257,311,98.374232
775.398154,231,99.014565
1188.527539,273,99.76901
1058.480949,186,100.285497
1986.970267,433,101.482343
4493.762698,568,103.054343
2535.051454,445,104.304876
2960.220764,487,105.651616
569.862633,69,105.852577
8503.311104,1001,108.751017
1980.910685,383,109.854371
1594.455884,353,110.871987
-218.816551,119,111.216451
1258.923237,146,111.647034
4553.552278,705,113.754214
783.640603,229,114.466475
494.980736,67,114.677033
8035.11013,1001,117.612956
532.330442,273,118.412854
6161.79233,728,120.53588
4326.586892,686,122.518771
2483.070804,315,123.445202
3360.773273,543,125.030138
3335.823375,458,126.356195
935.468741,251,127.079832
5707.802375,750,129.26246
7203.691801,1001,132.176856
10125.657862,968,135.005756
246.031847,33,135.103375
1150.975687,275,135.900441
3427.796458,543,137.465799
1471.740741,183,138.004502
8380.580791,1001,140.908813
-61.867084,128,141.280443
173.356478,160,141.738934
1595.382768,326,142.669924
2760.705851,387,143.792568
7353.601034,1001,146.72013
-346.248032,107,147.035748
22.399223,142,147.444161
595.606862,248,148.16528
-8.898915,135,148.555745
57.97621,147,148.987715
873.820955,222,149.657893
335.274921,203,150.244425
348.641162,180,150.75867
-34.172824,155,151.197297
377.916583,184,151.720519
1795.131863,279,152.53113
833.811338,304,153.406106
466.946952,239,154.093407
2249.023758,437,155.371943
173.785208,21,155.433157
7815.93522,1001,158.314901
7979.792939,1001,161.235222
506.436624,232,161.912516
6373.680846,769,164.14121
7719.375136,1001,166.938811
-361.402094,95,167.202236
-229.554495,108,167.498598
-308.724861,98,167.771967
667.745771,215,168.370354
3163.274434,485,169.864914
87.52543,207,170.474198
5788.217719,794,172.851423
8107.095478,1001,175.777481
7994.604017,1001,178.730121
7641.268232,1001,181.659324
7428.439553,1001,184.560809
7047.216862,1001,187.492391
4130.801876,697,189.494192
2469.85387,304,190.370956
8163.95836,1001,193.336731
8094.186427,1001,196.277221
8347.616476,1001,199.171608
8125.087145,1001,202.106378
8416.255616,1001,205.018227
8457.267837,1001,208.005307
7400.764981,1001,210.9802
7654.29741,1001,213.906904
8210.75282,1001,216.833737
8019.231497,1001,219.583573
8541.86469,1001,222.372565
7395.908656,1001,225.223795
6717.769761,1001,228.120245
7710.403146,1001,231.050419
2604.039715,460,232.403549
4201.773765,541,233.974612
1711.854357,357,235.002293
5028.407732,644,236.876673
8240.07074,1001,239.729581
8159.781483,1001,242.615957
7761.047229,1001,245.504032
8040.263679,1001,248.396326
4459.738011,768,250.599684
1049.89677,233,251.29481
7461.033669,1001,254.292616
6848.171107,1001,257.225389
7890.18605,1001,260.131634
8455.541891,1001,263.055427
8328.726937,1001,265.961298
7199.710794,1001,268.843005
8128.455155,1001,271.727801
7147.348147,1001,274.635969
8097.350761,1001,277.536045
8543.010718,1001,280.33167
2628.88021,458,281.594344
449.819251,187,282.132261
3006.41885,356,283.133783
1872.399902,357,284.117338
5400.01563,644,285.912088
730.521981,225,286.536407
1806.425337,357,287.545622
2352.266314,419,288.712443
7220.765454,1001,291.575297
8765.279036,1001,294.481536
875.577698,239,295.182273
1587.423017,321,296.236243
3764.116853,441,297.692854
312.37424,380,298.917243
592.428697,270,299.786495
2972.294507,351,300.897835
8878.1851,1001,303.927901
8965.221949,1001,306.882339
10216.007722,906,309.557414
867.189897,95,309.83026
8505.381898,733,311.913953
2572.022233,268,312.725282
8536.925552,1001,315.637094
5915.349561,814,317.978258
1502.007106,187,318.517428
9035.772211,1001,321.38267
884.327684,238,322.064754
6683.350521,763,324.27244
8828.27633,1001,327.177039
3127.977042,540,328.787179
3129.015446,461,330.139797
1624.38804,351,331.140503
-399.519253,199,331.708406
3876.680817,451,333.018192
708.394704,363,334.059532
5909.145861,638,335.889588
234.12478,159,336.347532
373.556364,189,336.891497
5524.188683,653,338.786388
8877.704698,1001,341.531014
8566.798145,1001,344.295243
9131.600804,1001,347.053687
8274.921708,1001,349.823386
8467.70239,1001,352.668485
8145.175581,1001,355.557908
6802.300893,1001,358.468041
6862.251284,1001,361.426147
8357.336069,1001,364.405631
7468.09126,1001,367.371846
7122.825698,1001,370.288858
7421.710411,1001,373.176617
7564.885415,1001,376.091601
2275.389421,452,377.411326
4716.833353,549,379.006023
8851.326164,1001,381.889328
-804.719318,61,382.067419
6167.913904,940,384.790557
8266.250619,1001,387.656623
68.740417,154,388.102457
7376.023485,847,390.564426
7551.831225,589,392.244847
3930.897572,412,393.435972
9062.315985,1001,396.31782
8619.478303,1001,399.227947
5835.681172,1001,401.956054
7757.222277,690,403.844278
2935.927109,311,404.704097
9073.543373,1001,407.468012
6603.047462,1001,410.283312
9170.398652,1001,413.162341
7683.418002,1001,416.116226
4472.637447,997,418.994529
23.35112,4,419.007369
5589.108589,1001,421.887881
4274.423168,647,423.750676
3135.399167,354,424.783903
5099.51219,1001,427.656962
3327.544135,782,429.950063
1060.5754,219,430.583528
6548.711629,1001,433.461331
5539.601969,1001,436.354984
6485.913862,1001,439.226196
650.902373,277,440.019813
4369.125251,724,442.127395
8415.450884,1001,445.128918
7099.644403,1001,448.002061
5372.011057,1001,450.86547
8707.228194,1001,453.688495
6887.585256,1001,456.561068
4509.80845,691,458.528272
2782.050428,310,459.432816
2644.23006,414,460.628349
1648.731692,329,461.563179
1826.635175,258,462.292779
8558.05204,1001,465.170352
4973.036927,1001,468.080672
2879.895761,1001,470.876989
8986.22121,1001,473.769563
8834.727277,1001,476.671477
8609.791834,1001,479.553539
8358.987875,1001,482.44662
8971.801362,1001,485.351657
8320.284412,1001,488.24507
8699.621539,1001,491.154671
3618.355381,571,492.785739
3367.960606,430,494.035988
8413.116077,1001,496.932448
4289.994404,645,498.832465
3221.457875,356,499.895889
-233.367791,107,500.219002
5618.688645,765,502.543375
1031.763134,129,502.933814
8847.559987,1001,505.877087
8640.851618,1001,508.852828
6806.165278,832,511.282327
1411.822891,169,511.794787
8499.703824,1001,514.68277
9156.591014,1001,517.563661
9748.702356,1001,520.528058
8941.768736,1001,523.407299
2846.965728,420,524.621797
4141.790697,581,526.283007
9152.21257,1001,529.02529
8415.618315,1001,531.76035
9110.11467,1001,534.609286
9455.890746,1001,537.511598
7977.303274,1001,540.407565
8724.21215,1001,543.31306
9468.486325,1001,546.200874
8493.722391,1001,549.096985
8445.962647,1001,551.991446
7727.138661,1001,554.902963
9716.740024,1001,557.823144
9545.534029,1001,560.703041
9059.441842,1001,563.583393
9833.434373,1001,566.506765
7863.556951,1001,569.45285
6545.423273,936,572.164834
371.320769,65,572.354131
8041.322776,1001,575.271105
9361.558844,1001,578.18399
9217.105825,1001,581.04966
9210.213612,1001,583.952177
10235.377252,1001,586.901633
9648.442578,1001,589.741778
9005.268697,1001,592.522418
7460.528468,1001,595.412846
-2.286921,180,595.931262
-945.154924,273,596.741693
-396.536082,338,597.725638
179.27751,210,598.336335
-1016.047869,46,598.468025
7704.198852,955,601.220886
8262.337759,1001,604.114186
8010.245074,1001,606.99295
9824.595336,1001,609.882956
9861.795357,1001,612.825139
9003.098893,1001,615.708584
8793.061897,1001,618.622163
9880.795237,1001,621.510717
10004.01078,1001,624.471514
10446.884828,1001,627.390522
10170.785954,1001,630.284522
10148.106641,1001,633.193567
9400.536289,1001,636.084695
8708.068702,1001,639.005158
8567.989741,1001,641.933764
2868.832717,1001,644.703124
10419.910564,1001,647.486927
9889.396521,1001,650.259426
9627.066409,1001,653.044155
8637.812035,1001,655.913871
9147.693586,1001,658.805603
10531.223565,1001,661.776283
10496.385069,1001,664.696724
10167.998706,1001,667.610492
10222.931126,1001,670.536193
8592.299365,1001,673.438471
8898.500308,1001,676.327233
10306.654221,1001,679.241766
10228.402405,1001,682.185826
10096.279872,1001,685.195553
10032.460229,1001,688.146503
10545.233451,1001,691.057165
10117.769964,1001,693.98461
10370.511913,1001,696.890988
10147.582034,1001,699.795108
10237.908611,1001,702.643905
10205.580948,1001,705.432681
8586.458755,1001,708.219259
7759.569017,1001,710.994149
9772.543102,1001,713.810621
10144.237803,1001,716.707595
10095.915985,1001,719.610531
10657.019474,1001,722.496873
10103.848012,1001,725.53142
8734.590665,1001,728.531008
10171.88692,1001,731.525495
9652.433841,1001,734.460193
9720.841512,1001,737.387328
10161.704959,1001,740.369373
10009.669005,1001,743.256074
10078.398997,1001,746.376584
5774.553264,835,748.940274
1441.094035,166,749.427627
6075.11527,499,750.895922
4016.10948,502,752.391988
7756.709332,700,754.575343
2406.148847,301,755.491038
9402.193877,1001,758.418956
7689.234638,566,760.165639
3979.569779,435,761.440742
9028.930667,1001,764.379244
9322.130532,1001,767.164892
4770.272773,608,768.864991
155.319824,16,768.907761
3307.654301,363,769.916304
136.830122,14,769.950605
974.190003,111,770.260782
350.915477,35,770.35785
505.040777,47,770.485804
347.129769,31,770.570453
159.545244,16,770.612561
390.53463,43,770.733589
140.884907,17,770.778886
93.12834,18,770.830927
264.171248,37,770.929133
232.288065,25,770.99769
203.347943,26,771.073329
335.703694,36,771.170571
310.986498,31,771.255651
501.416335,75,771.463126
300.834231,34,771.557848
200.49764,22,771.615618
525.486708,83,771.845765
313.656216,36,771.945314
330.19531,41,772.064827
137.45705,17,772.115217
164.128957,16,772.15868
358.443519,40,772.268428
514.275562,56,772.422891
329.956236,41,772.542437
-817.481179,36,772.642363
307.30336,26,772.718968
51.247014,5,772.733238
132.293433,16,772.7782
142.841897,24,772.845447
173.109866,24,772.90669
-36.78693,145,773.306434
97.286442,21,773.369346
199.958986,24,773.431853
380.363097,39,773.55932
186.14463,23,773.630258
98.218824,16,773.673416
161.859945,23,773.741452
44.034206,7,773.759655
924.624946,84,773.995107
99.780739,17,774.040251
102.167963,20,774.098348
188.346698,21,774.155174
-762.894771,45,774.280455
141.084525,22,774.345322
148.1352,15,774.387518
90.774568,16,774.431567
133.682075,16,774.47538
143.139769,18,774.527576
155.243134,17,774.572706
130.497255,15,774.614367
139.272506,17,774.664994
141.283236,16,774.708238
229.945684,39,774.824929
141.66813,18,774.870943
124.704038,15,774.91281
348.667258,35,775.009829
128.921067,20,775.065871
171.499152,17,775.115178
72.882901,14,775.149662
128.537676,15,775.191295
142.004163,23,775.257367
86.646574,17,775.301271
175.327355,26,775.378529
153.055965,17,775.422824
264.034847,44,775.546802
164.146604,19,775.60067
472.167938,69,775.79749
127.06996,18,775.853734
326.349566,40,775.972266
165.467302,17,776.019515
-548.35954,85,776.286366
138.024735,19,776.343215
371.345382,39,776.455769
166.023811,19,776.511578
467.287443,91,776.771975
116.612315,20,776.83146
130.261356,18,776.886237
-748.061643,46,777.015839
378.330023,56,777.175395
2258.957176,289,778.003073
1292.944316,156,778.448512
1874.418542,192,778.991457
-549.242858,79,779.216798
680.69562,80,779.443914
1921.531082,181,779.960228
267.249273,34,780.058563
1156.993718,132,780.449028
236.093553,22,780.509779
2299.724876,281,781.322482
332.475012,58,781.49234
8791.311351,943,784.227535
8011.965255,1001,787.131714
-470.162337,80,787.36236
8492.307986,677,789.330107
1817.242196,244,790.034398
8753.57978,1001,792.932124
9434.370128,1001,795.825144
8397.476073,1001,798.739767
8570.998705,1001,801.638605
9501.839041,1001,804.544946
9608.704869,1001,807.638419
9248.273235,1001,810.619812
6953.240027,1001,813.501728
9019.605447,1001,816.375567
8696.5107,1001,819.242931
9227.906063,1001,822.102261
8889.93661,1001,824.976426
7088.572281,1001,827.738321
7594.685664,1001,830.657509
6499.36821,1001,833.467711
8713.552639,1001,836.271668
9516.443182,1001,839.191934
7720.95012,1001,842.067365
829.17449,352,843.078052
3488.609639,494,844.53455
1243.732273,155,844.982291
7892.475514,1001,847.846806
7986.41057,1001,850.774704
10113.712978,1001,853.727515
4339.900291,1001,856.653373
764.974133,212,857.261791
1426.357302,789,859.545477
8513.799991,1001,862.408977
8883.919664,1001,865.373945
4918.320231,1001,868.301628
9087.078388,1001,871.228868
197.337626,149,871.655047
2926.316021,852,874.138861
-5.988141,1001,877.076721
6469.195909,1001,880.062568
6783.226195,1001,882.988143
8398.339916,926,885.638121
664.643661,75,885.843037
4431.82377,607,887.501312
5097.149085,329,888.418455
583.263561,65,888.600539
6125.151723,573,890.203592
4739.082787,335,891.128304
702.958853,93,891.389204
7976.838105,1001,894.124712
8219.033288,790,896.288743
1535.371282,211,896.87337
814.253367,145,897.291202
4280.79221,856,899.768611
-623.207718,66,899.963249
-154.505847,125,900.324109
6945.103393,810,902.659531
955.635496,1001,905.648757
6624.796144,1001,908.662352
-811.952918,32,908.751046
3225.216443,525,910.284544
3744.512227,444,911.571247
8631.292029,815,913.912531
1624.405825,186,914.45191
3065.517084,386,915.566034
1577.455397,238,916.242066
3446.423861,377,917.32801
-21.280066,174,917.819089
6140.231216,492,919.233643
2738.933543,335,920.21479
1514.149821,359,921.249779
470.574582,234,921.919689
3406.098044,408,923.089736
-427.076945,488,924.495015
3162.738986,513,925.963217
5497.986259,926,928.623265
663.614357,75,928.837635
5950.210994,946,931.576244
343.526039,55,931.735786
7768.656527,1001,934.642584
2563.624981,543,936.216281
3617.573193,458,937.588476
3692.267972,477,939.02199
2153.626243,439,940.289871
655.7808,85,940.539683
8908.698922,829,942.929742
1208.192593,172,943.418657
2239.775573,425,944.632623
4309.725453,576,946.396581
6306.732072,1001,949.251443
7500.750371,1001,952.177124
617.733654,328,953.103779
5499.516618,673,954.995228
8731.487785,1001,957.935451
10063.296754,923,960.691496
818.050804,78,960.918661
8256.482193,1001,963.914222
8234.27055,1001,966.873448
6712.817674,902,969.513224
729.032617,99,969.798196
-61.916478,146,970.227804
7139.225718,855,972.705229
4318.047648,304,973.576363
5598.545412,697,975.589364
3632.80744,174,976.082472
6636.673029,827,978.445833
6789.770553,1001,981.328091
5751.299479,567,982.951386
4868.381152,329,983.896087
721.786946,105,984.194785
8234.680308,1001,987.07921
7696.358997,733,989.202395
789.615742,268,989.985762
6927.151796,797,992.419152
1842.785911,204,993.014322
7912.190706,1001,995.920989
357.910003,180,996.462487
5906.139848,403,997.682353
5554.12329,387,998.819695
308.446371,31,998.907916
1371.937926,301,999.771867
4864.711909,265,1000.547417
4038.687798,435,1001.806534
8985.639047,1001,1004.687023
8859.987551,1001,1007.499444
7482.092189,1001,1010.256814
6391.747759,1001,1013.066961
8806.923979,1001,1015.83223
8921.230673,1001,1018.617588
6884.21666,1001,1021.550165
8849.540547,1001,1024.467622
7573.517447,1001,1027.354998
3956.009785,1001,1030.251001
6081.741923,1001,1033.15354
6520.412262,1001,1036.03313
3730.365366,1001,1038.910737
8108.853026,1001,1041.811169
8796.374735,1001,1044.68133
9027.853748,1001,1047.645393
7766.456719,1001,1050.504066
9395.799912,1001,1053.442126
9192.644665,1001,1056.339233
6626.713333,973,1059.167003
265.548043,28,1059.244179
4853.090722,635,1061.102633
3423.367644,366,1062.180426
2484.435054,517,1063.65915
4658.076095,484,1065.052466
7166.508162,1001,1067.900115
6858.399858,1001,1070.659929
9754.638552,1001,1073.479297
8194.147911,1001,1076.289655
9202.386342,1001,1079.137647
4675.93167,1001,1082.051093
10312.008503,810,1084.392731
1947.049524,191,1084.93526
8479.686714,891,1087.515451
1152.219947,110,1087.832208
5549.331458,377,1088.909987
6992.232749,488,1090.300914
1286.439564,136,1090.69959
8421.28286,713,1092.762408
4730.634893,249,1093.47854
400.02861,39,1093.590906
5245.5097,303,1094.452999
4675.786159,248,1095.162953
3941.750527,450,1096.455091
5345.411335,352,1097.493198
7311.629709,533,1099.018114
1105.697598,116,1099.346241
4887.099979,269,1100.109194
4634.697267,243,1100.814019
5385.174631,328,1101.872915
1626.32028,161,1102.41692
6560.807723,491,1103.905411
4977.700218,510,1105.47267
6434.352573,561,1107.111134
4006.668396,440,1108.408064
8159.29969,1001,1111.422386
8533.524835,1001,1114.521158
3786.243388,818,1117.081675
1898.050123,183,1117.736887
10785.402049,866,1120.949185
1109.19359,135,1121.368426
11294.638522,931,1124.475586
690.406347,70,1124.686005
7863.792183,591,1126.492542
4128.997978,410,1127.736917
8906.515811,1001,1130.600266
6232.259489,1001,1133.4164
7017.730864,1001,1136.255802
5982.418659,672,1138.140785
1844.630721,329,1139.059964
8570.612796,1001,1141.900393
1843.228169,373,1143.048186
4893.111772,628,1144.873637
7660.135004,1001,1147.786218
8238.981324,1001,1151.042993
5623.001793,580,1152.770847
5118.602588,415,1154.196339
86.526763,6,1154.214808
8696.569609,1001,1157.479614
9927.13646,1001,1160.770908
9908.588387,1001,1163.773685
4233.575485,355,1164.80405
4362.722412,646,1166.683101
9292.984185,1001,1169.633527
8525.687613,1001,1172.534423
7479.668577,1001,1175.610022
9645.755982,1001,1178.983594
9781.308411,1001,1181.930832
10121.018358,1001,1184.875691
9387.046692,1001,1188.085984
6609.012887,1001,1191.5194
8240.389906,1001,1194.869463
7563.668564,1001,1198.31489
559.565932,190,1198.894204
7358.619611,811,1201.37786
7076.058807,1001,1204.870211
6705.298608,940,1207.539293
345.621908,61,1207.741217
8003.534474,1001,1210.459016
8789.837668,701,1212.17724
2535.80426,300,1212.92161
7614.462706,591,1214.388692
1112.869489,270,1215.058266
1380.930967,140,1215.42246
2830.7797,487,1216.903144
4755.242915,514,1218.244629
5492.676641,362,1219.152615
5491.921662,639,1220.745514
7713.921042,1001,1223.201478
-128.705464,113,1223.479875
457.779671,191,1223.960396
-32.792682,117,1224.252888
-675.289442,67,1224.416045
-786.942207,60,1224.562511
2578.022876,441,1225.668068
122.758663,12,1225.701019
-97.33825,137,1226.031916
7929.624774,800,1227.974919
530.403461,64,1228.132282
-590.548458,68,1228.29272
-174.654768,121,1228.591575
-923.414813,28,1228.662136
-856.121524,39,1228.75979
-731.507004,51,1228.883909
-704.722897,54,1229.020683
4716.039943,291,1229.743442
14.783181,159,1230.125969
-974.972403,52,1230.249677
1142.963008,138,1230.589481
4085.418269,629,1232.133382
17.081104,164,1232.531797
1612.769497,208,1233.037339
7848.043825,1001,1235.524665
12.211674,138,1235.866166
6455.933624,863,1237.986379
1322.630496,350,1238.850453
-598.382243,161,1239.26305
-465.584854,79,1239.480638
-145.845366,123,1239.774062
-809.36842,60,1239.919819
678.785664,222,1240.459795
72.340189,6,1240.474146
4688.581783,583,1241.97491
5033.15105,395,1242.978476
229.435543,23,1243.038509
7816.752248,1001,1245.585336
8623.299654,1001,1248.101641
1732.641643,362,1249.037354
5102.605303,639,1250.878628
7157.744871,1001,1253.471474
8560.267349,1001,1256.206283
-360.056181,113,1256.486642
3573.710294,630,1258.03483
1967.544045,258,1258.66193
837.91287,79,1258.855392
3158.018574,390,1259.80691
-100.824097,134,1260.1528
2987.797761,398,1261.115034
183.808219,209,1261.627259
5938.578865,792,1263.578231
4004.647814,559,1264.934402
-9.458468,155,1265.332178
490.22503,190,1265.992338
42.472734,7,1266.023017
-423.870458,90,1266.346131
9.470638,1,1266.348155
5495.533012,410,1267.367067
-180.44791,148,1267.756765
-53.996547,147,1268.12833
-548.850081,218,1268.666584
-649.820672,64,1268.819595
96.80962,14,1268.855467
-196.124529,135,1269.184694
-510.656458,92,1269.412376
6605.242487,774,1271.301812
690.255854,225,1271.848023
6291.837193,776,1273.749515
8735.54957,1001,1276.213671
8024.82014,1001,1278.754237
8628.303566,1001,1281.465447
6498.722377,980,1283.863864
155.829172,21,1283.913691
7344.026835,1001,1286.353702
-400.55444,104,1286.600556
-528.417309,97,1286.837683
-472.329316,94,1287.067667
7328.933255,631,1288.606241
440.893428,75,1288.789574
3421.774779,659,1290.402972
949.001722,300,1291.122339
326.296906,42,1291.223781
3115.509387,509,1292.57433
2350.526054,492,1293.869375
524.688928,85,1294.078722
8112.212528,788,1296.005834
645.168949,128,1296.313852
6228.348441,628,1297.865224
-602.190344,107,1298.128147
614.032982,99,1298.371049
1002.194731,167,1298.777768
4842.330552,386,1299.709431
5181.875487,607,1301.198844
73.600383,8,1301.221728
7516.906077,1001,1303.73323
5766.852361,492,1304.937732
4085.712791,509,1306.193552
8717.698651,847,1308.299034
1283.742406,154,1308.67384
1556.647729,1001,1311.178081
278.658682,1001,1313.705194
6733.395369,1001,1316.182669
-209.542198,144,1316.536203
865.833411,315,1317.298512
3934.338395,225,1317.885291
2381.634178,317,1318.662853
5484.636571,437,1319.731446
4011.391413,564,1321.124079
-776.606766,58,1321.268912
5298.478817,943,1323.64479
6397.267204,1001,1326.134717
8116.937083,1001,1328.599978
7675.923605,1001,1331.0536
7425.459333,647,1332.649258
489.709439,197,1333.153187
1207.006361,157,1333.551907
7983.368697,1001,1336.024921
-160.963672,136,1336.355676
7188.770708,865,1338.504138
8388.673265,1001,1340.972142
8557.926577,1001,1343.449789
-564.239165,85,1343.661551
7614.568263,916,1345.907924
-62.731565,1001,1348.407435
8025.640989,1001,1350.880105
8285.69576,1001,1353.353792
7913.720015,1001,1355.87127
7743.2761,1001,1358.391456
8427.502564,1001,1360.925904
3123.940739,1001,1363.435715
7074.447615,1001,1365.940504
7067.998426,639,1367.501574
1864.897504,362,1368.39149
1285.967643,360,1369.272808
402.189262,49,1369.39388
4470.296935,592,1370.844322
7978.773602,1001,1373.319557
8396.378489,1001,1375.801754
5123.352899,1001,1378.261349
3516.67172,1001,1380.761222
-180.817121,252,1381.380584
5822.201666,749,1383.222742
6874.240286,1001,1385.723023
-401.446035,133,1386.049535
7159.554291,868,1388.212669
2229.959962,1001,1390.722998
8043.914752,1001,1393.222145
8473.842674,1001,1395.725743
8331.743109,1001,1398.201436
8617.760187,1001,1400.695195
8025.757685,1001,1403.1625
8321.732195,1001,1405.641454
8376.731402,1001,1408.096216
8235.037924,1001,1410.58308
-722.800904,62,1410.733002
7737.891654,939,1413.069648
8001.77854,1001,1415.555342
8426.12567,1001,1418.022431
8387.253302,1001,1420.522777
3752.933715,631,1422.093156
2182.631759,370,1423.002529
7578.969718,1001,1425.675356
4264.985845,1001,1428.16606
2105.838033,529,1429.496826
1510.565888,472,1430.656095
6854.365318,1001,1433.137865
1311.595547,298,1433.871468
5341.012381,703,1435.659972
7905.641033,1001,1438.149524
4321.233557,652,1439.790223
-208.408235,106,1440.047775
1950.109558,243,1440.646611
-238.690937,104,1440.900099
-274.508548,101,1441.15153
-650.907727,54,1441.284755
611.594433,208,1441.790681
-589.547314,66,1441.972551
-344.573642,97,1442.207184
-158.663435,121,1442.501924
-77.283106,129,1442.815654
-403.656892,88,1443.034854
213.078211,33,1443.114969
69.776487,143,1443.466822
368.272581,176,1443.893824
-480.061063,79,1444.092957
211.755001,164,1444.523669
-40.48624,133,1444.848503
-414.692206,85,1445.053309
1691.260945,221,1445.591434
-353.716679,92,1445.818161
450.304195,195,1446.28991
6042.605607,714,1448.030798
37.656497,137,1448.364272
938.60668,248,1448.964759
183.128955,157,1449.374627
3905.608895,459,1450.503814
4176.5312,640,1452.079742
2921.615011,361,1452.969307
8322.68627,1001,1455.493854
4568.709364,667,1457.164475
2766.468913,334,1457.98613
7903.871124,1001,1460.493523
2252.28583,393,1461.458971
4816.316204,608,1462.972551
7943.352979,1001,1465.486825
4840.636928,1001,1467.958048
5712.252576,1001,1470.466069
288.878854,184,1470.914821
7107.927012,817,1472.969564
8764.773607,1001,1475.465244
1626.480938,309,1476.227827
6094.637623,692,1477.955226
8649.286316,1001,1480.452983
8895.981292,1001,1482.90675
567.847548,189,1483.369618
7005.448645,812,1485.394512
1433.264357,293,1486.104507
4372.142978,708,1487.86191
3640.495721,659,1489.516425
2984.983726,342,1490.393433
-104.356663,118,1490.684838
-271.577221,101,1490.932709
47.30495,135,1491.264911
5680.379207,647,1492.871716
8773.440488,1001,1495.384547
8727.348106,1001,1497.856389
7771.491022,1001,1500.328648
8595.500414,1001,1502.783973
9120.779363,1001,1505.289349
9428.234758,1001,1507.778747
9545.816121,1001,1510.292337
3877.414498,1001,1512.805089
3399.553042,1001,1515.30707
6343.722827,1001,1517.804841
7863.112205,1001,1520.297848
8315.984714,1001,1522.797838
767.575099,224,1523.338992
6543.232486,777,1525.275625
8407.302863,1001,1527.776786
6693.556616,1001,1530.271337
7906.232248,1001,1532.785887
6826.349091,1001,1535.304997
8477.069612,1001,1537.795247
8408.349783,1001,1540.318293
8015.874505,1001,1542.803988
8876.718716,1001,1545.282808
9203.517877,1001,1547.79281
6297.277658,1001,1550.278248
8947.330753,1001,1552.785933
6319.200901,1001,1555.259925
7644.192172,1001,1557.76847
8799.397567,1001,1560.259017
8757.170296,1001,1562.762053
7825.107319,1001,1565.224566
8335.433165,1001,1567.725657
8868.528711,1001,1570.207965
8711.673975,1001,1572.739581
8685.758778,1001,1575.260016
8463.256898,1001,1577.778883
5854.988712,817,1579.797914
1493.217298,184,1580.254053
8972.940849,1001,1582.788468
8750.608952,1001,1585.304181
5171.140252,1001,1587.818355
9042.947224,1001,1590.323983
8542.535038,1001,1592.858674
8922.044346,1001,1595.565623
9064.445264,1001,1598.513397
8996.934094,1001,1601.256894
7852.476047,1001,1603.898329
9337.279942,1001,1606.459669
9554.59557,1001,1608.992944
9487.698759,1001,1611.46097
9452.519209,1001,1613.927096
8444.063413,1001,1616.423869
5700.437076,1001,1618.876786
9101.530294,1001,1621.345876
9152.030363,1001,1623.832863
8821.199324,1001,1626.305262
9275.0189,1001,1628.780253
8945.526342,1001,1631.248496
9187.784166,1001,1633.726626
9221.396625,1001,1636.207966
8992.273357,1001,1638.655409
9169.646797,1001,1641.094486
9237.955962,1001,1643.534156
1561.564754,1001,1645.957543
6196.139557,1001,1648.425498
8744.090629,1001,1650.877149
8810.97419,1001,1653.372683
8813.95398,1001,1655.83814
8570.409426,1001,1658.31724
8785.897067,1001,1660.779951
8437.84342,1001,1663.258908
8014.284655,1001,1665.730151
8712.549031,1001,1668.221209
8270.170075,1001,1670.683857
8729.811725,1001,1673.174233
8580.979909,1001,1675.621393
7981.794032,1001,1678.098841
8888.493571,1001,1680.536516
8640.848925,1001,1682.991662
9086.30311,1001,1685.454853
8842.762613,1001,1687.910099
9051.903438,1001,1690.35841
8658.903189,1001,1692.8332
9276.92125,1001,1695.286556
8478.050093,1001,1697.758846
9036.194631,1001,1700.199585
9179.948747,1001,1702.662907
8864.088674,1001,1705.109218
8871.400411,1001,1707.589691
8480.051307,1001,1710.062368
8163.913327,1001,1712.532042
8752.929695,1001,1715.010977
8760.190941,1001,1717.46758
8830.4233,1001,1719.967778
6514.38591,1001,1722.43335
8752.417155,1001,1724.990292
8849.357897,1001,1727.535561
6253.328672,1001,1729.997719
7894.449656,1001,1732.457967
8505.100136,1001,1734.935138
8664.084175,1001,1737.376643
8025.97232,1001,1739.818984
1752.576227,1001,1742.259231
5673.635661,1001,1744.717934
8513.260802,1001,1747.160706
7511.722043,1001,1749.6203
6140.914113,1001,1752.065386
8515.79637,1001,1754.564259
8671.620985,1001,1757.034992
8488.076442,1001,1759.55466
8468.279401,1001,1762.014282
7956.735182,1001,1764.491304
8765.037467,1001,1766.957796
8788.799185,1001,1769.405049
8494.987113,1001,1771.821805
8956.82108,1001,1774.281231
8750.786049,1001,1776.721863
8749.068372,837,1778.767589
-869.604762,52,1778.896834
-394.056033,112,1779.162916
7.768281,1,1779.164855
7352.789958,1001,1781.594523
8363.475905,1001,1784.037144
8785.397926,1001,1786.480926
8878.402747,1001,1788.944379
7500.765387,1001,1791.388973
8763.928534,1001,1793.873982
1645.968345,319,1794.65694
5888.518043,682,1796.338385
9201.225934,1001,1798.821475
9263.599349,1001,1801.276668
1013.638045,248,1801.883011
6214.868952,753,1803.742129
8720.729774,1001,1806.199356
8896.773966,1001,1808.648183
8744.848869,1001,1811.097639
8872.51517,1001,1813.564566
8680.828118,1001,1816.029563
9099.077616,1001,1818.493693
9371.10664,1001,1820.960893
9215.692617,1001,1823.413375
9240.847865,1001,1825.907217
9243.93539,1001,1828.382969
8940.367326,1001,1830.868609
9230.311923,1001,1833.324788
9343.165596,1001,1835.812184
7630.487353,1001,1838.25929
8828.716203,1001,1840.737388
9198.238655,1001,1843.196182
8809.116894,1001,1845.636485
8290.006241,1001,1848.049188
7627.94601,1001,1850.486432
9119.072668,1001,1852.927504
9076.94981,1001,1855.419575
8858.389521,1001,1857.884912
9057.082921,1001,1860.360755
9068.217133,1001,1862.819802
9180.73573,1001,1865.297126
8298.914198,1001,1867.767233
9362.603581,1001,1870.23959
9037.326828,1001,1872.688562
9371.217575,1001,1875.160806
9349.977406,1001,1877.608948
9345.533624,1001,1880.081758
9273.149201,1001,1882.532437
9310.573469,1001,1885.012038
9119.028382,1001,1887.48121
9189.741756,1001,1889.960641
9316.677713,1001,1892.408966
9216.148227,1001,1894.869975
9177.992759,1001,1897.313471
6585.453704,1001,1899.760429
2342.949378,1001,1902.234673
9066.600713,1001,1904.703189
8828.501911,1001,1907.162463
9204.791125,1001,1909.5986
9063.288016,1001,1912.044561
9086.820002,1001,1914.489844
9219.670925,1001,1916.952039
9344.097224,1001,1919.392399
9314.457817,1001,1921.845578
9455.122118,1001,1924.28406
9141.901702,1001,1926.746643
9061.395697,1001,1929.1997
9054.43319,1001,1931.680374
9062.862694,1001,1934.13105
9194.982637,1001,1936.605305
6722.030065,1001,1939.050489
8926.478859,1001,1941.523094
9172.135836,1001,1943.969384
7702.95904,1001,1946.443074
9121.908034,1001,1948.879823
9084.905749,1001,1951.332117
9486.863024,1001,1953.772848
9451.171456,1001,1956.225041
9208.344668,1001,1958.664714
9309.395372,1001,1961.117094
9336.558997,1001,1963.596165
8745.631215,1001,1966.09792
9222.84868,1001,1968.575554
9286.725512,1001,1971.032552
9324.670142,1001,1973.500765
9278.394697,1001,1975.977612
7321.067423,1001,1978.455957
8114.580606,1001,1980.921901
8616.439874,1001,1983.373041
8732.474942,1001,1985.828294
8477.365669,1001,1988.301962
8332.981734,1001,1990.746321
8251.195925,1001,1993.211929
8410.347176,1001,1995.662044
8685.269865,1001,1998.136224
7682.406787,1001,2000.603532
8760.097204,1001,2003.086019
8609.645034,1001,2005.545521
8831.977097,1001,2008.020757
8735.146903,1001,2010.479143
8923.314616,1001,2012.938856
8824.325734,1001,2015.403558
5186.801612,1001,2017.897534
8545.73744,1001,2020.346597
8760.550068,1001,2022.811734
8768.881842,1001,2025.346514
8421.483041,1001,2027.832358
8417.208626,1001,2030.280433
8585.343158,1001,2032.759648
8769.750787,1001,2035.240927
8676.652894,1001,2037.731949
8826.562027,1001,2040.214016
8746.388485,1001,2042.696112
9039.701268,1001,2045.155436
4383.077831,625,2046.696583
3382.604479,376,2047.629713
8230.561393,1001,2050.080274
7765.766714,1001,2052.552989
8934.265141,1001,2055.00849
8928.592867,1001,2057.49003
8347.138766,1001,2059.938495
8556.744794,1001,2062.405617
8690.268018,1001,2064.870458
8319.932737,1001,2067.349505
8614.048358,1001,2069.808204
8660.272861,1001,2072.277653
8196.832367,1001,2074.730032
8219.79511,1001,2077.186113
8394.273034,1001,2079.644996
8754.05555,1001,2082.133783
8683.307348,1001,2084.605063
7744.113601,1001,2087.037676
5568.739945,1001,2089.495456
7335.642093,1001,2091.927175
8833.671734,1001,2094.40697
8122.087591,1001,2096.845124
5886.569724,1001,2099.284729
4397.665867,1001,2101.713159
7242.349747,1001,2104.168065
6515.563617,1001,2106.593854
5313.787026,1001,2109.031818
5913.886125,1001,2111.4491
7168.376417,849,2113.543845
985.519267,152,2113.914697
6799.877488,1001,2116.344445
7825.006731,1001,2118.806059
7532.752317,1001,2121.233368
7975.096604,1001,2123.704083
8409.84533,1001,2126.154354
8723.463963,1001,2128.631809
8437.255563,1001,2131.079972
8967.487445,1001,2133.54342
8667.48486,1001,2135.993979
8688.542334,1001,2138.4715
8753.604961,1001,2140.922284
8784.022695,1001,2143.392582
8894.855248,1001,2145.841723
8173.723203,1001,2148.296056
8769.847911,1001,2150.745136
735.854454,218,2151.275217
5636.635272,783,2153.194011
8912.43958,1001,2155.647506
5107.632503,727,2157.426428
1948.652926,274,2158.108964
960.059127,1001,2160.555223
858.335839,1001,2162.987642
2871.339969,1001,2165.428505
1802.422342,1001,2167.84249
7695.836707,1001,2170.275942
-25.788332,8,2170.298299
-887.000296,50,2170.421655
-840.975115,48,2170.535264
5489.506744,895,2172.704688
-871.313675,54,2172.837494
5737.662805,947,2175.167641
2764.200363,1001,2177.598221
-1444.461814,1001,2180.043785
1800.334534,1001,2182.472447
7019.28182,1001,2184.920466
8815.330299,1001,2187.353456
8804.351936,1001,2189.8062
8761.928601,1001,2192.247167
6681.61975,1001,2194.708808
8032.079065,1001,2197.145034
8270.573406,1001,2199.624261
8369.158907,1001,2202.08367
4325.560306,751,2203.943416
2009.072539,250,2204.561393
4226.061728,853,2206.631763
1240.119102,148,2206.989695
7352.359298,1001,2209.455678
7207.033418,1001,2211.907483
7637.943683,1001,2214.379171
7964.084731,1001,2216.818816
8285.528238,1001,2219.251178
8471.677747,1001,2221.691177
8311.77213,1001,2224.158854
8602.674945,1001,2226.610451
8430.966094,1001,2229.073784
7069.357039,1001,2231.529779
7453.557304,1001,2233.995519
8544.612411,1001,2236.468268
8728.456372,1001,2238.909308
6761.846417,926,2241.178673
652.474908,75,2241.363872
8658.107803,1001,2243.802938
8388.64662,1001,2246.276342
8357.456572,1001,2248.718932
3320.821345,611,2250.228205
3064.159103,390,2251.176168
8496.632796,1001,2253.639353
8763.911408,1001,2256.1128
8917.359479,1001,2258.565868
7827.953838,1001,2261.072561
8767.992049,1001,2263.518265
9029.170023,1001,2265.990633
9041.651567,1001,2268.450438
9025.138604,1001,2270.925765
6277.587769,1001,2273.385295
5026.159147,703,2275.120983
2776.23432,298,2275.849935
8651.309488,1001,2278.274119
8873.353988,1001,2280.710711
8631.724824,1001,2283.124876
7659.892983,1001,2285.56321
8493.876656,1001,2287.977965
8742.168072,1001,2290.408766
8210.09522,807,2292.345294
1320.19768,194,2292.810513
7813.245741,1001,2295.266196
8518.98169,1001,2297.727302
8703.616923,1001,2300.198445
8223.648393,1001,2302.652218
6779.636896,1001,2305.127961
8217.935245,1001,2307.599802
8268.124164,1001,2310.074937
8603.210048,1001,2312.557403
8577.807715,1001,2315.034349
8383.462611,1001,2317.493145
8599.171359,1001,2319.942624
8064.733058,1001,2322.420942
8884.186469,1001,2324.964386
8834.757185,1001,2327.43062
8321.593316,1001,2329.873111
8278.504338,1001,2332.336575
8418.498277,1001,2334.803189
8763.57781,1001,2337.286487
8149.484217,1001,2339.733
8380.429296,1001,2342.206652
8319.389784,1001,2344.67499
8495.153059,1001,2347.159949
8591.901172,1001,2349.604239
8801.169498,1001,2352.06414
8822.946877,1001,2354.509588
8743.725221,1001,2356.973907
8533.266455,1001,2359.421438
8460.447752,1001,2361.877749
8083.400671,1001,2364.326141
8832.554604,1001,2366.803146
4218.262436,824,2368.827514
140.488528,177,2369.256976
-1142.085037,761,2371.1357
529.955795,240,2371.719589
4097.320413,1001,2374.169143
8465.574561,1001,2376.630847
8911.864392,1001,2379.071382
8769.110969,1001,2381.544829
9012.93867,1001,2384.005953
9021.980674,1001,2386.490241
9034.752445,1001,2388.951469
8834.24913,1001,2391.435807
7204.517149,1001,2393.901142
4537.498766,1001,2396.383515
5704.16791,1001,2398.842148
3372.580237,688,2400.52869
2612.598248,313,2401.314023
6958.529179,909,2403.550387
871.031317,92,2403.774738
2816.177959,1001,2406.235989
8587.34199,1001,2408.712713
9118.920495,1001,2411.182276
8818.065626,1001,2413.669171
7520.287019,947,2415.995353
484.67015,54,2416.140389
9023.389198,1001,2418.624159
9086.253517,1001,2421.099522
3359.044527,1001,2423.597012
9247.972863,1001,2426.066122
8971.89459,1001,2428.545627
8974.812451,1001,2431.001797
9229.048455,1001,2433.483212
5718.795298,1001,2435.951339
8934.438799,1001,2438.42701
8711.929183,1001,2440.887176
8678.128237,1001,2443.384952
8831.098925,1001,2445.842214
8871.233702,1001,2448.337238
8714.547836,1001,2450.791281
8851.052243,1001,2453.278126
8832.27931,1001,2455.738741
8916.329905,1001,2458.241903
8789.353244,1001,2460.72215
8812.485735,1001,2463.219617
8511.645059,1001,2465.69291
8816.935626,1001,2468.161286
8834.266789,1001,2470.625609
8811.547085,1001,2473.101026
9161.634009,1001,2475.554702
9330.350944,1001,2478.037715
9255.969549,1001,2480.483643
9206.704746,1001,2482.959377
9230.35897,1001,2485.428658
9363.869386,1001,2487.887555
9413.518352,1001,2490.338424
8916.661024,1001,2492.788316
9094.975571,1001,2495.230844
9012.595395,1001,2497.699914
8959.137411,1001,2500.143224
9231.572553,1001,2502.604693
9278.041915,1001,2505.07328
8762.236096,1001,2507.5498
8469.094044,1001,2510.006954
8609.400435,1001,2512.486049
8508.148252,1001,2514.925282
8610.150525,1001,2517.381145
8705.299353,1001,2519.850996
8985.589273,1001,2522.284441
8774.228659,1001,2524.741597
8564.620337,1001,2527.16719
8968.374803,1001,2529.630862
8600.48589,1001,2532.064919
8708.842726,1001,2534.551342
8630.17144,1001,2536.993938
8492.988497,1001,2539.453222
8434.80091,1001,2541.888179
8550.243903,1001,2544.354022
9089.600892,1001,2546.792853
8774.509396,1001,2549.248897
8912.833345,1001,2551.681938
8841.156629,1001,2554.141257
8169.435391,1001,2556.591477
8523.932562,1001,2559.045487
7991.494417,1001,2561.477322
8467.500635,1001,2563.949456
8393.1042,1001,2566.400409
7599.239556,1001,2568.870468
7185.850221,1001,2571.295174
254.240841,205,2571.795538
6373.372965,796,2573.753495
8175.953136,1001,2576.194854
8454.333404,1001,2578.656508
8563.487233,1001,2581.106741
8817.862993,1001,2583.564996
9137.057608,1001,2586.026706
9118.797603,1001,2588.492291
9163.807977,1001,2590.930539
8981.350934,1001,2593.383743
8734.208843,1001,2595.836519
8868.130514,1001,2598.268778
9061.924239,1001,2600.745903
9155.303129,1001,2603.209742
9127.909967,1001,2605.713019
8944.976801,1001,2608.164908
9083.269174,1001,2610.645723
9112.493366,1001,2613.093313
8967.60021,1001,2615.566629
7381.437934,1001,2617.999489
8659.658948,1001,2620.45397
8301.043796,1001,2622.905636
8195.593866,1001,2625.463827
7971.715874,1001,2628.064484
7867.878993,1001,2630.545391
8243.219929,1001,2633.000522
8308.781208,1001,2635.479115
8304.134033,1001,2637.940508
8316.620823,1001,2640.396283
8246.370791,1001,2642.848791
8670.628846,1001,2645.305141
8632.944464,1001,2647.73916
8771.749297,1001,2650.198647
8498.230991,1001,2652.637049
